Top consultas,Cliques,Impressões,CTR,Posição
teses e sumulas,227,272,83.46%,1
tema 1192 stj,44,323,13.62%,4
tema 1419 stf,29,780,3.72%,7.34
teses e súmulas,29,36,80.56%,1
sumulas e teses,25,36,69.44%,1
tema 1194 stj,20,1282,1.56%,8.32
tema 1404 stf,19,1320,1.44%,9.9
sumulas sobre mandado de segurança,18,73,24.66%,3.05
tema 1419,17,1005,1.69%,7.28
tema 1173 stj,15,346,4.34%,7.47
tema 1225 stj,15,189,7.94%,4.23
tema 1268 stj,14,460,3.04%,5.41
sumulas mandado de segurança,14,86,16.28%,2.92
tema 1390,13,452,2.88%,5.23
tema 1404,11,1255,0.88%,8.75
tema 1390 stf,11,958,1.15%,7.28
tema 1189 stf,10,489,2.04%,8.79
tema 385 stj,10,325,3.08%,5.91
tema 1314 stj,8,293,2.73%,6.75
tema 1420,8,148,5.41%,5.74
tema 1341 stj,8,110,7.27%,10.15
tema 1270 stf,7,469,1.49%,8.05
tema 1398 stf,7,296,2.36%,6.54
tema 1388 stj,7,119,5.88%,9.24
tema 185 stj,6,1176,0.51%,9.11
tema 1339 stj,6,523,1.15%,8.62
tema 1196 stf,6,473,1.27%,9.51
tema 1224 stj,6,406,1.48%,11.08
tema 1302 stj,6,364,1.65%,6.83
tema 1294 stj,6,270,2.22%,5.97
tema 1100 stj,6,266,2.26%,7.41
tema 1208 stf,6,237,2.53%,6.64
tema 671 stj,6,234,2.56%,8.17
tema 1281 stj,6,179,3.35%,5.99
tema 1420 stf,6,149,4.03%,6.48
tema 1299 stj,6,140,4.29%,5.6
tema 1285 stj,5,994,0.5%,10.55
tema 911 stj,5,743,0.67%,7.78
tema 1380 stf,5,372,1.34%,9.44
tema 1388 stf,5,327,1.53%,7.22
tema 1311 stj,5,281,1.78%,10.22
tema 1348 stj,5,278,1.8%,9.31
tema 185 do stj,5,277,1.81%,9.49
tema 1279 stj,5,233,2.15%,8.64
tema 1301 stj,5,224,2.23%,6.35
tema 1417 stf,5,221,2.26%,8.91
tema 1178 stj,5,214,2.34%,11.01
tema 1350 stj,5,193,2.59%,9.78
tema 1131 stj,5,115,4.35%,3.7
tema 1163 stj,5,113,4.42%,3.69
tema 1243 stj,5,102,4.9%,5.93
tema 1149 stj,5,43,11.63%,3.42
tema 1291 stj,4,685,0.58%,9.51
tema 1266 stj,4,654,0.61%,5.76
tema 1309 stj,4,549,0.73%,7.26
tema 1133 stj,4,300,1.33%,5.79
tema 589 stj,4,289,1.38%,10.27
tema 1296 stj,4,219,1.83%,10.43
tema 409 stj,4,199,2.01%,6.9
tema 1318,4,164,2.44%,6.34
tema 1220 stj,4,109,3.67%,4.17
tema 1322 stf,4,91,4.4%,4.75
tema 1212 stj,4,89,4.49%,5.48
tema 1126 stj,4,84,4.76%,3.92
tema 33 stj,4,78,5.13%,6.65
tema 1229 stj,3,997,0.3%,9.53
tema 871 stj,3,929,0.32%,7.98
tema 1250 stj,3,422,0.71%,10.28
tema 526 stj,3,360,0.83%,7.23
tema 1162 stj,3,354,0.85%,8.48
tema 1250 stf,3,347,0.86%,10.61
sumula 395 tst,3,308,0.97%,9.15
tema 1369 stj,3,304,0.99%,10.03
tema 1263,3,269,1.12%,7
tema 608 stj,3,245,1.22%,10.84
tema 424 stj,3,239,1.26%,10.18
tema 1324 stf,3,223,1.35%,10.72
tema 1233 stj,3,207,1.45%,10.48
tema 678 stj,3,194,1.55%,9.72
tema 1124 stj,3,185,1.62%,19.58
tema 1241 stj,3,183,1.64%,4.98
tema 400 stj,3,166,1.81%,9.23
tema 1302 stf,3,165,1.82%,6.78
tema 1273 stj,3,150,2%,10.71
tema 911 do stj,3,144,2.08%,8.1
tema 1396 stf,3,141,2.13%,9.89
tema 1280 stj,3,136,2.21%,7.09
tema 351 stj,3,131,2.29%,7.91
tema 1329 stj,3,131,2.29%,10.29
tema 1278 stj,3,116,2.59%,6.59
tema 1304 stj,3,112,2.68%,7.82
tema 1285 do stj,3,112,2.68%,10.04
tema 1185 stj,3,102,2.94%,4.58
tema 1413 stf,3,97,3.09%,6.91
tema 738 stj,3,93,3.23%,5.88
tema 1308 stf,3,91,3.3%,8.76
tema 1320 stj,3,85,3.53%,7.26
tema 1321 stj,3,82,3.66%,10.74
tema 185 da tnu,3,81,3.7%,11.64
tema 483 stj,3,70,4.29%,9
tema 1292,3,68,4.41%,7.46
tema 1258 stf,3,46,6.52%,11.26
tema 1211 stf,3,39,7.69%,5.54
tema 887 stj,3,31,9.68%,5.19
stj tema 911,3,31,9.68%,8.26
tema 1427 stf,3,31,9.68%,9.23
tema 1178,3,27,11.11%,13.3
tema 1421,3,25,12%,4.16
tema 1180 stj,2,547,0.37%,9.44
tema 1339,2,372,0.54%,8.17
tema 1396,2,325,0.62%,8.94
tema 958 stj,2,313,0.64%,12.14
tema 166 stj,2,283,0.71%,9.36
tema 1058 stj,2,261,0.77%,9.33
tema 1417,2,260,0.77%,8.98
tema 143 stj,2,259,0.77%,9.14
sumula 435 tst,2,247,0.81%,9.63
tema 1333 stj,2,246,0.81%,8.64
tema 871 do stj,2,244,0.82%,8.47
tema 1398,2,243,0.82%,5.28
tema 1310 stj,2,205,0.98%,7.61
tema 1180 stf,2,192,1.04%,7.94
tema 234 stj,2,191,1.05%,8.71
tema 1296,2,188,1.06%,10.8
tema 1235 stf,2,177,1.13%,10.31
tema 1253 stj,2,171,1.17%,8.2
tema 1133,2,169,1.18%,7.61
tema 672 stj,2,168,1.19%,10.62
tema 1268,2,161,1.24%,8.94
tema 1189 stj,2,159,1.26%,8.64
tema 190 stj,2,159,1.26%,9.52
tema 1301,2,154,1.3%,6.58
tema 1271 stj,2,153,1.31%,5.67
tema 1226 stf,2,150,1.33%,8.04
tema 223 stf,2,146,1.37%,10.2
tema 1292 stj,2,142,1.41%,7.42
tema 479 stj,2,141,1.42%,10.16
sumula 410 tst,2,128,1.56%,2.12
tema 1274 stj,2,126,1.59%,9.77
sumula 15 stf,2,121,1.65%,3.13
tema 1206 stj,2,105,1.9%,5.89
tema 1230 stj,2,103,1.94%,15.5
tema 269 stj,2,101,1.98%,10.07
súmula 435 do tst,2,101,1.98%,10.57
tema 545 stj,2,98,2.04%,8.54
tema 1047 stj,2,93,2.15%,6.99
tema 243 stj,2,84,2.38%,12.82
tema 1.404,2,83,2.41%,8.63
tema 1328,2,82,2.44%,7.94
tema 1324 stj,2,82,2.44%,8.88
tema 1341 stf,2,77,2.6%,6.84
tema 473 stj,2,77,2.6%,7.45
stf tema 1390,2,75,2.67%,6.92
tema 1392,2,74,2.7%,6.84
tema 526 do stj,2,72,2.78%,8.62
tema 237 do stj,2,71,2.82%,9.06
tema 1311,2,65,3.08%,10.42
sumula 133 tst,2,61,3.28%,6.03
tema 903 stj,2,61,3.28%,9.05
tema 588 stj,2,61,3.28%,9.46
tema 550 stj,2,59,3.39%,8.58
tema 870 stj,2,59,3.39%,9.02
tema 1313 stf,2,59,3.39%,9.2
tema 768 stf,2,56,3.57%,8.38
tema 589 do stj,2,47,4.26%,10.6
tema 114 stf,2,45,4.44%,8.11
tema 81 stj,2,44,4.55%,5.39
tema 1390 do stf,2,42,4.76%,9.74
tema 1300 stf,2,40,5%,19.68
tema 332 stj,2,35,5.71%,7.77
tema 24 stj,2,33,6.06%,7.79
súmula 284 stf,2,31,6.45%,18.06
temas para tese,2,30,6.67%,5.53
tema 304 stj,2,28,7.14%,4.5
tema 1421 stf,2,27,7.41%,9.81
tema 262 stj,2,16,12.5%,6.31
re 1519008,2,9,22.22%,14.44
tema 1311 stf,2,7,28.57%,10.43
tema 1224,2,5,40%,1.2
tema repetitivo 1296,2,4,50%,10.25
tema 1347 stf,2,2,100%,12.5
tema 905 stf,1,715,0.14%,10.98
tema 1263 stj,1,400,0.25%,8.18
tema 237 stj,1,367,0.27%,10.49
tema 1215 stj,1,348,0.29%,10.38
tema 1034 stj,1,327,0.31%,9.92
tema 1229,1,325,0.31%,9.7
tema 1258 stj,1,321,0.31%,1.23
tema 1318 stj,1,305,0.33%,6.5
tema 410 stj,1,276,0.36%,12.32
tema 1338 stj,1,263,0.38%,8.34
tema 1233,1,261,0.38%,8.28
tema 1180,1,245,0.41%,8.21
tema 1305 stj,1,244,0.41%,9.93
tema 1099 stj,1,242,0.41%,10.79
tema 620 stj,1,238,0.42%,10.62
tema 534 stj,1,230,0.43%,11.51
tema 1388,1,229,0.44%,7.72
tema 1189,1,228,0.44%,10.46
tema 640 stj,1,218,0.46%,10.99
tema 1017 stj,1,215,0.47%,7.78
tema 193 stj,1,212,0.47%,8.52
tema 533 stj,1,210,0.48%,9.89
tema 185 tnu,1,205,0.49%,11.64
sumula 182 stf,1,198,0.51%,7.93
tema 706 stj,1,198,0.51%,11.17
tema 1244 stf,1,197,0.51%,8.98
tema 1368 stj,1,197,0.51%,9
tema 959 stj,1,196,0.51%,9.39
tema 1302,1,194,0.52%,9.54
tema 911,1,184,0.54%,9.79
tema 1386,1,178,0.56%,6.92
tema 1294,1,173,0.58%,8.29
sumula 420 tst,1,172,0.58%,1.51
tema 869 stj,1,169,0.59%,9.52
tema 1342,1,168,0.6%,8.63
tema 976 stj,1,166,0.6%,8.49
tema 1308 stj,1,162,0.62%,9.63
tema 52 stj,1,161,0.62%,8.52
tema 1276 stj,1,159,0.63%,8.17
tema 1171 stj,1,157,0.64%,7.24
tema 412 stf,1,152,0.66%,8.41
tema 1382 stf,1,150,0.67%,8.69
tema 1072 stj,1,149,0.67%,6.9
tema 614 stj,1,148,0.68%,10.84
tema 1328 stj,1,142,0.7%,7.04
tema 1285,1,142,0.7%,9.01
tema 123 stj,1,139,0.72%,7.55
tema 1326 stj,1,139,0.72%,8.19
tema 1392 stf,1,137,0.73%,6.56
tema 1148 stj,1,136,0.74%,10.14
tema 1173,1,135,0.74%,8.75
tema 1360 stj,1,131,0.76%,8.81
tema 1344 stj,1,128,0.78%,8.13
tema 1032 stj,1,128,0.78%,12.32
tema 1330 stj,1,125,0.8%,7.25
tema 945 stj,1,125,0.8%,8.02
tema 1123 stj,1,122,0.82%,9.25
tema 1272 stj,1,114,0.88%,7.19
tema 1147 stf,1,114,0.88%,10.27
tema 1342 stj,1,113,0.88%,10.46
tema 1181 stj,1,109,0.92%,4.38
tema 1413,1,108,0.93%,6.84
tema repetitivo 1285,1,108,0.93%,9.88
tema 1308,1,106,0.94%,8.92
tema 1.285,1,106,0.94%,9.58
sumula 88 tnu,1,105,0.95%,3.67
tema 1299,1,105,0.95%,8.43
tema 694 stj,1,100,1%,6.42
tema 167 stf,1,100,1%,7.61
tema 1381 stf,1,99,1.01%,5.31
tema 1288 stj,1,99,1.01%,8.74
tema 968 stj,1,99,1.01%,10.75
tema 198 stj,1,97,1.03%,8.3
tema 1253,1,95,1.05%,8.57
tema 1281,1,94,1.06%,7.91
tema 1189 do stf,1,93,1.08%,9.65
tema 1262 stj,1,92,1.09%,10.91
tema 570 stj,1,90,1.11%,9.08
tema 725 stj,1,90,1.11%,10.63
tema 1349,1,90,1.11%,11.3
súmula 15 do stf,1,89,1.12%,2.92
tema 1293 stf,1,88,1.14%,10.61
tema 1424,1,87,1.15%,6.67
tema 410,1,87,1.15%,10.83
tema 19 stf,1,86,1.16%,10.02
tema 1287 stj,1,85,1.18%,9.72
tema 1415,1,85,1.18%,10.09
tema 1175 stj,1,85,1.18%,13.12
tema 1213 stf,1,81,1.23%,8.2
tema 1290 stf,1,81,1.23%,19.58
sumula 392 stf,1,80,1.25%,3.54
tema 1357 stj,1,77,1.3%,6.71
tema 1066 stj,1,77,1.3%,10.57
tema 1279 stf,1,77,1.3%,10.75
tema 1250,1,71,1.41%,11.23
sumula 43 stj,1,71,1.41%,19.89
tema 1251 stj,1,69,1.45%,5.46
tema 924 stj,1,69,1.45%,6.2
tema 662 stj,1,69,1.45%,6.93
tema 572 stf,1,69,1.45%,7.71
sumula mandado de segurança,1,66,1.52%,5.02
tema 924,1,66,1.52%,9.14
tese subsidiária,1,66,1.52%,9.53
tema 290 stj,1,66,1.52%,15.02
tema 375 stj,1,66,1.52%,18.47
tema 976,1,65,1.54%,9.68
tema 1372 stj,1,65,1.54%,10.09
tema 590 stj,1,64,1.56%,7.44
tema 1404 repercussão geral,1,64,1.56%,7.92
tema 568 stj,1,64,1.56%,14.61
tema 1324,1,63,1.59%,9.44
tese 568 stj,1,62,1.61%,8.97
tema 1140 stj,1,62,1.61%,19.71
stj tema 1285,1,61,1.64%,9.3
súmula 70 do stf,1,61,1.64%,11.85
tema 1009 stj,1,61,1.64%,23.46
tema 1033 stj,1,60,1.67%,17.03
súmula enriquecimento ilícito,1,59,1.69%,9.44
tema 144 stj,1,59,1.69%,9.85
tema 533 do stj,1,59,1.69%,10.59
tema 914 stf,1,59,1.69%,28.37
tema 161 stf,1,57,1.75%,25.18
tema 1211 stj,1,56,1.79%,3.32
tema 606 stf,1,55,1.82%,38.18
súmula 395 do tst,1,54,1.85%,9.02
sumula 313 tst,1,54,1.85%,10.37
sumula 274 stf,1,53,1.89%,5.42
stj tema 1224,1,53,1.89%,11.62
sumula 218 stf,1,52,1.92%,3.23
tema 167 stj,1,52,1.92%,6.79
tema 29 stj,1,52,1.92%,8.1
tema 1206,1,51,1.96%,4.75
sumula 165 stj,1,50,2%,10.22
tema 219 stj,1,49,2.04%,5.49
tema 1299 stf,1,49,2.04%,6.29
tema 234 do stj,1,49,2.04%,7.1
sumula 273 tst,1,49,2.04%,8.43
tema 338 stj,1,48,2.08%,7.02
tema 1.229 stj,1,48,2.08%,8.54
tema 1110,1,48,2.08%,8.67
tema 1183 stj,1,48,2.08%,8.73
tema 487 stj,1,47,2.13%,9.04
tema 1264 stj,1,47,2.13%,13.06
tema 933 stj,1,46,2.17%,5.85
súmula 93 tst,1,46,2.17%,11.2
sumula 301 tst,1,45,2.22%,9.31
tema 1.233,1,44,2.27%,10.48
tema 423,1,43,2.33%,9.74
tema 1124,1,43,2.33%,22.14
tema 959 stf,1,42,2.38%,9.52
tema 163 stf,1,42,2.38%,34.9
sumula 118 stf,1,41,2.44%,3.93
tema 164 stj,1,41,2.44%,9.95
tema 252 stj,1,40,2.5%,8.32
tema 706,1,40,2.5%,9.22
tema 608 do stj,1,38,2.63%,10.18
tema 621,1,37,2.7%,9.78
tema 627 stj,1,37,2.7%,11.65
súmula 15 stf,1,35,2.86%,8.26
tema 1349 stj,1,35,2.86%,9.17
tema repetitivo 1258,1,34,2.94%,2.12
tema 1154 stf,1,34,2.94%,26.15
tema 1146 stj,1,32,3.12%,6
tema 315 stj,1,32,3.12%,8.38
tema 733 stj,1,32,3.12%,9.94
tema 694 do stj,1,30,3.33%,7.43
tema 30 stj,1,30,3.33%,9.7
tema 1268 stf,1,30,3.33%,10.73
tema 1309,1,29,3.45%,3.52
tema 1119 stj,1,27,3.7%,8.85
stj tema 1296,1,27,3.7%,10.3
tema 1313 stj,1,27,3.7%,14.74
tema 947 stj,1,26,3.85%,5.85
tema 1187 stj,1,26,3.85%,9.08
tema 1316 stj,1,26,3.85%,10.77
re 1249945,1,26,3.85%,10.92
sumula 678 stj,1,26,3.85%,12.04
tema 1424 stf,1,25,4%,8.16
tema 1289 stf,1,25,4%,12.76
tema 1359 stj,1,24,4.17%,5.75
tema 1264,1,23,4.35%,5.74
stj tema 1311,1,23,4.35%,9.52
tema 385 tnu,1,23,4.35%,10.83
tema 948,1,23,4.35%,11.04
tema 246 stj,1,22,4.55%,10.68
tema 1.250 stj,1,22,4.55%,10.86
tema 325 stj,1,21,4.76%,6.24
tema 1349 stf,1,21,4.76%,10.19
tema 440 stj,1,20,5%,7.35
tema 602 stf,1,18,5.56%,7.72
sumula 330 tst,1,18,5.56%,19.22
tema 626 stj,1,17,5.88%,12.18
tema 1202 stf,1,16,6.25%,7.5
tema 969 stj,1,16,6.25%,9.81
tema 855 stf,1,16,6.25%,10.69
tema 1178 do stj,1,16,6.25%,12.94
sumula 341 stf,1,16,6.25%,18.75
tema 1135 stj,1,15,6.67%,3.07
tema stj 1291,1,15,6.67%,10.13
stj tema 410,1,15,6.67%,11.07
tema 1066 do stj,1,15,6.67%,11.07
súmula 595 stf,1,15,6.67%,11.47
tema 1329,1,14,7.14%,24.93
sumula 278 tst,1,13,7.69%,13.69
súmula 159 do stj,1,12,8.33%,5.58
tema 1373 stj,1,12,8.33%,9.17
1178 stj,1,12,8.33%,11.42
tema 1230,1,12,8.33%,15
tema 1370 stj,1,12,8.33%,16.58
sumula 650 stj,1,12,8.33%,39.92
sumula 88 da tnu,1,11,9.09%,6.55
sumula 213 tst,1,11,9.09%,8.09
tema 1437 stf,1,10,10%,8.3
tema 1164 stj,1,10,10%,11.6
tema 1.178 do stj,1,10,10%,14.7
tema 1313,1,10,10%,15.3
sumula 203 tst,1,10,10%,18
tema 705 stj,1,9,11.11%,6.56
sumula 76 stf,1,9,11.11%,8.89
tema 1.233 stj,1,9,11.11%,12.11
tema 1300,1,9,11.11%,22.11
sumula vinculante 19,1,9,11.11%,22.67
stj tema 1230,1,8,12.5%,16.62
tema 1307 stj,1,8,12.5%,19.75
súmula 43/stj,1,8,12.5%,20.62
re 966177,1,7,14.29%,9.29
tema 687 stj,1,7,14.29%,9.86
tema 198,1,7,14.29%,10.29
sumula 11 da tnu,1,7,14.29%,11.71
sumula 220 stj,1,7,14.29%,13.71
sumula 150 do stf,1,7,14.29%,24
sumula 295 stj,1,6,16.67%,13.83
falta residual,1,6,16.67%,15.5
tema 1391 stf,1,6,16.67%,20.17
tema 1378 stj,1,5,20%,5.4
tema 1210,1,5,20%,10.6
tema 1295,1,5,20%,12
tema 1086,1,5,20%,14
princípio da menor onerosidade,1,5,20%,21.6
tema 1039 stj,1,4,25%,4.5
tema 84 stj,1,4,25%,17
súmula 514 stf,1,4,25%,17.5
tema 1235,1,4,25%,35.5
tema 1264 stj julgamento,1,3,33.33%,7.67
sumula 566 stf,1,3,33.33%,9.33
tema 1250 stf suspensão,1,3,33.33%,10
tema 257 stf,1,3,33.33%,13.67
tema 687 do stj,1,3,33.33%,14.67
súmula 17 stf,1,3,33.33%,20.33
quando será julgado o tema 1169 stj,1,3,33.33%,23
tema 1.230 stj,1,3,33.33%,23.33
súmula 621 do stj,1,3,33.33%,27.67
tema 929,1,3,33.33%,27.67
tema repetitivo 1237,1,2,50%,1
stj impenhorabilidade 40 salários mínimos,1,2,50%,8.5
tema 1124 itbi,1,2,50%,10
tema 139 do stf,1,2,50%,10
re 928943,1,2,50%,16.5
tema 900 stf,1,2,50%,19.5
re 1508285,1,2,50%,21
sumulas tst,1,2,50%,30.5
teses repercussão geral stf pdf,1,2,50%,40
quando será julgado tema 1124 stj,1,2,50%,48
fracionamento precatório idoso,1,2,50%,52.5
stj tema 1237,1,1,100%,1
superior tribunal de justiça (stj),1,1,100%,1
tema 1039 stj foi julgado,1,1,100%,4
tema 1.300 stf julgamento,1,1,100%,14
tema 1287,1,1,100%,14
tema 1231 stf,1,1,100%,16
fracionamento precatório herdeiros,1,1,100%,17
tema 922 stf,1,1,100%,17
tema repetitivo 210 stj,1,1,100%,17
tema 145,1,1,100%,18
tema 1.061 do stj,1,1,100%,19
tema 1050 stj,1,1,100%,20
limitação do valor da causa stf,1,1,100%,21
teses do stf,1,1,100%,25
re 1520468,1,1,100%,28
tema 1150 stj pdf,1,1,100%,35
tema repetitivo 1203 stj,1,1,100%,44
tema 1.230 stj já foi julgado,1,1,100%,54
prescrição intercorrente cpc,1,1,100%,101
tema 885 stj,0,512,0%,8.93
sumula 70 stf,0,504,0%,11.56
tema 1044 stj,0,485,0%,9.64
sumula 83 stf,0,419,0%,4.32
clausula de arrependimento,0,388,0%,8.04
esumula,0,382,0%,10.18
tema 532 stj,0,318,0%,8.68
ctn,0,255,0%,72.38
tema 1116 stj,0,251,0%,9.75
tema 1236 stj,0,241,0%,9.04
tema 112 stj,0,239,0%,11.39
sumula 93 tst,0,230,0%,11.23
tema 1386 stf,0,226,0%,8.84
tema 1049 stj,0,222,0%,10.81
cédula de crédito bancário,0,219,0%,79.35
tema 1202 stj,0,210,0%,9.51
tema 1083 stf,0,205,0%,9.73
tema 1228 stj,0,203,0%,6.77
tema 1314,0,197,0%,7.49
tema 908 stj,0,197,0%,7.61
tema 948 stj,0,189,0%,11.39
tema 1323 stj,0,178,0%,7.81
tema 871,0,171,0%,9.61
súmula 437 tst intervalo intrajornada texto,0,171,0%,10.43
tema 1002 stj,0,164,0%,11.47
cláusula de arrependimento,0,156,0%,8.53
tema 630 stj,0,156,0%,8.57
tema 1103 stj,0,152,0%,10.08
tema 1359,0,152,0%,10.49
sumula 335 stf,0,150,0%,11.27
tema 1335 stj,0,148,0%,9.49
impugnação ao cumprimento de sentença,0,146,0%,36.62
tema 1116/stj,0,144,0%,8.35
tema 1147 stj,0,144,0%,9.08
tema 1026 stj,0,144,0%,10.7
súmula 335 do stf,0,143,0%,10.76
tema 1215,0,142,0%,10
tema 1275,0,139,0%,9.29
tema 1022 stj,0,139,0%,10.27
tema 1156 stj,0,135,0%,10.64
tema 99 stj,0,133,0%,10.05
tema 1380,0,132,0%,7.86
tema 985 stj,0,130,0%,14.19
cedula de credito bancario,0,130,0%,84.39
tema 174 stj,0,128,0%,9.67
súmula 556 stf,0,128,0%,11.58
súmula 43 do stj,0,128,0%,20.14
tema 105 stj,0,127,0%,7.71
tema 1225,0,127,0%,8.58
sumula 333 tst,0,127,0%,20.76
tema 564 stj,0,126,0%,9.98
súmula 83 stf,0,125,0%,5.34
stj tema 1031,0,124,0%,29.41
tema 1322,0,123,0%,8.13
o que é cédula de crédito bancário,0,123,0%,79.69
tema 1412 stf,0,120,0%,7.96
tema 976 stf,0,120,0%,11.31
tema 638 stj,0,117,0%,10.02
sumula 134 tst,0,116,0%,8.66
sumula 476 stf,0,116,0%,8.72
tst súmula 437 intervalo intrajornada texto,0,115,0%,6.57
sumula 14 stj,0,115,0%,19.07
tema 1038 stj,0,113,0%,7.24
absolvição sumária,0,113,0%,36.69
cédula de credito bancario,0,113,0%,79.87
tema 1325 stj,0,111,0%,6.68
tema 1310 stf,0,109,0%,8.7
tema 1248 stj,0,109,0%,9.1
sumula 284 stf,0,109,0%,20.11
sumula 565 stf,0,108,0%,8.42
tema 1232 stj,0,108,0%,11.19
tema 1412,0,106,0%,8.25
sumula 377 stf,0,104,0%,53.1
tema 1228,0,102,0%,7.11
tema 1286 stf,0,101,0%,7.44
cédulas de crédito bancário,0,101,0%,81.38
tema 1239 stf,0,100,0%,8.57
tema 1389 stf,0,100,0%,15.56
tema 1004 stj,0,99,0%,9.52
tema 1.285 stj,0,99,0%,10.03
tema 1177 stj,0,98,0%,9.83
tema 1252 stf,0,96,0%,7.71
tema 249 stj,0,96,0%,10.91
sumula 310 stf,0,96,0%,12.28
transação penal,0,96,0%,79
tema 1171,0,95,0%,9.18
cláusula de arrependimento contrato de compra e venda,0,94,0%,6.31
tema 1382,0,94,0%,7.5
tema 1208,0,94,0%,9.12
sumula 481 stj,0,94,0%,30.78
integralidade e paridade,0,94,0%,76.95
tema 408 stj,0,93,0%,12.27
cédula de crédito,0,93,0%,67.97
tema 1364 stj,0,92,0%,10.32
tema 967 stj,0,92,0%,11.49
sumula 73 stf,0,91,0%,7.97
tema 1202,0,91,0%,9.81
tema 1377 stj,0,90,0%,10.81
tema 1150 stj,0,90,0%,25.4
teses tributarias,0,90,0%,44.02
tema 116 stj,0,89,0%,8.74
sumula 258 stf,0,89,0%,10.18
laudemio,0,89,0%,76.92
tema 1163,0,88,0%,5.88
tema 297 stj,0,88,0%,8.49
tema 740 stj,0,88,0%,9.48
juros remuneratórios,0,88,0%,46.85
súmula 182 stf,0,87,0%,6.92
sumula 188 tst,0,86,0%,11.17
tema 192 stj,0,86,0%,14.83
tema 1210 stj,0,85,0%,12.04
tema 112,0,84,0%,9.44
tema 1044 do stj,0,84,0%,10.26
sumula vinculante 24,0,84,0%,63.52
o que é cedula de credito bancario,0,84,0%,83.86
cláusula de arrependimento compra e venda,0,83,0%,8.11
fiel depositário,0,83,0%,58.86
tema 1110 stj,0,82,0%,7.38
tema 1136 stj,0,82,0%,8.49
súmula 395 tst,0,82,0%,8.65
sumula 231 stf,0,82,0%,10.11
tema 106 stj,0,82,0%,24.82
tema 1125 stf,0,82,0%,27.68
enunciado 525 jornada de direito civil,0,81,0%,2.85
tema 1399 stf,0,81,0%,7.64
tema 1310,0,81,0%,8.72
sumula 357 stf,0,81,0%,10.52
tema 1169 stj,0,81,0%,25.43
o que significa cédula de crédito bancário,0,81,0%,85.88
tema88,0,80,0%,51.46
stj tema 185,0,79,0%,8.53
tema 1304,0,79,0%,9.68
sumula 257 tst,0,79,0%,11.68
tema 1255 stf,0,79,0%,33.16
cedula de credito bancário,0,78,0%,78.97
cédula de crédito bancário o que é,0,78,0%,84.68
tema 1242 stf,0,77,0%,7.66
tema 1081 stj,0,77,0%,14.42
sumula 247 stf,0,76,0%,9.72
tema 885 do stj,0,76,0%,9.78
tema 1323 stf,0,75,0%,9.59
tema 1261 stj,0,75,0%,10.75
tema 1289,0,75,0%,11.16
súmula 93 do tst,0,75,0%,11.17
tema 568,0,75,0%,11.41
ação de despejo,0,75,0%,74.72
tema 1270,0,74,0%,9.43
tema 1258,0,73,0%,3.86
tema 1375 stj,0,73,0%,8.26
tema 1251 stf,0,73,0%,9.85
tema 1108 stj,0,73,0%,10.42
tema 1131,0,72,0%,7.01
tema 1154 stj,0,72,0%,8.53
tema 1340,0,72,0%,9.08
sumula 227 stf,0,72,0%,11.49
tema 1384 stj,0,70,0%,3.34
tema 1355 stf,0,70,0%,6.99
"""enunciado 306"" tnu",0,70,0%,7.53
tema 185/stj,0,70,0%,9.01
sumula 59 tst,0,70,0%,10.51
sumula 620 stf,0,70,0%,10.99
súmula 70 stf,0,70,0%,11.6
sumula 286 stf,0,69,0%,8.26
tema 1275 stj,0,69,0%,10.72
tema 979 stj,0,69,0%,22.94
tema 987 stf,0,69,0%,27.74
juros de mora,0,69,0%,97.78
clausula de arrependimento em contrato,0,68,0%,6.62
súmula 663 do stj publicada em 2023,0,68,0%,14.78
competencia mandado de segurança,0,67,0%,42.54
tema 976 do stj,0,66,0%,8.56
sumula 417 stf,0,66,0%,10.27
tema 1040 stj,0,66,0%,13.88
tema 1325,0,65,0%,7.31
tema 1.266 stj,0,65,0%,9.15
tema 1086 stj,0,65,0%,14.2
tema 1012 stj,0,65,0%,19
tema 1381,0,64,0%,4.91
tema 702 stj,0,64,0%,6.11
súmula 335 stf,0,64,0%,13.42
tema 237 stf,0,64,0%,26.86
tema 524 stj,0,63,0%,6.52
tema 320 stj,0,63,0%,6.83
re 973837,0,63,0%,8.16
tema 1233 stf,0,63,0%,10.25
tema 1215 do stj,0,63,0%,10.71
fiel depositario de veiculo,0,63,0%,22.03
186 cc,0,63,0%,87.27
sumula 94 tst,0,62,0%,7.68
sumula 364 stf,0,62,0%,9.02
sumula 26 tnu,0,62,0%,10.79
tema 526 stf,0,62,0%,29.06
tema 1218 stf,0,62,0%,31.87
"""enunciado 306"" ""tnu""",0,61,0%,7.31
súmula 231 do stf,0,61,0%,11.15
fiel depositário de veículo,0,61,0%,22.98
sumula 450 tst,0,61,0%,54.1
súmula 377 stf,0,61,0%,54.61
tema 1238 stf,0,60,0%,4.33
tema 1350,0,60,0%,8.78
tema 1340 stj,0,60,0%,8.8
sumula 116 stf,0,60,0%,10.77
tema 1242 stj,0,60,0%,11.42
cláusula penal,0,60,0%,58.7
tema 301 stj,0,59,0%,8.17
súmula 476 stf,0,59,0%,9.22
tema 480 stj,0,59,0%,10.08
sumula 9 tnu,0,59,0%,10.34
impugnação cumprimento de sentença,0,59,0%,36.76
tema 513 stf,0,58,0%,9.21
tema 1277 stj,0,58,0%,10.64
tema 1029 stj,0,58,0%,12.64
tema 942 stj,0,58,0%,13.64
tema 886 stj,0,58,0%,25.07
tema 940 stf,0,58,0%,32.83
tema 1017,0,57,0%,7.91
tema 1285/stj,0,57,0%,10.82
tema 339 stf,0,57,0%,29.12
tema 284 stf,0,57,0%,34.63
sumula 436 stj,0,57,0%,46.26
tema 660 stj,0,56,0%,16.84
sumula 358 stj,0,56,0%,39.36
sumula 83 do stf,0,55,0%,6.53
sumula 159 stj,0,55,0%,6.64
tema 516 stf,0,55,0%,8.05
tema 1298 stj,0,55,0%,8.18
tema 270 stj,0,55,0%,9.16
tema 640 do stj,0,55,0%,10.49
tema 796 stf,0,55,0%,65.4
186 código civil,0,55,0%,66.96
súmula 83 do stf,0,54,0%,7.57
tema 567 stj,0,54,0%,10.93
tema 437 stf,0,54,0%,19.41
sumula 393 stj,0,54,0%,37.83
tema 20 stf,0,54,0%,44.3
tema 517 stj,0,53,0%,6.81
sumula 170 tst,0,53,0%,10.79
crimes contra a dignidade sexual,0,53,0%,61.81
tema 1181,0,52,0%,8.25
sumula 591 stf,0,52,0%,8.9
tema 47 stj,0,52,0%,9.27
tema 618,0,52,0%,9.46
tema 948 do stj,0,52,0%,10.46
tema 1019 stj,0,52,0%,14.17
tema 1003 stf,0,52,0%,24.25
tema 27 stf,0,52,0%,54.56
paridade aposentadoria professor,0,52,0%,96.04
sumula 311 stf,0,51,0%,5.98
sumula 292 tst,0,51,0%,7.47
tema 911/stj,0,51,0%,7.47
tema 1.390,0,51,0%,7.9
tema 1375,0,51,0%,8.25
tema 739 stj,0,51,0%,8.29
tema 22 stj,0,51,0%,9.06
tema 25 stj,0,51,0%,9.98
tema 1276,0,51,0%,10.29
sumula 121 tst,0,51,0%,10.37
sumula 70 do stf,0,51,0%,11.27
tema 1203 stj,0,51,0%,26.9
tema 917 stf,0,51,0%,30.12
1390,0,50,0%,1
sumula horas extras,0,50,0%,7.62
tema 1021 stf,0,50,0%,9.26
tema 1195 stf,0,50,0%,18.46
súmula 418 tst,0,50,0%,19.46
tema 150 stf,0,50,0%,28.6
tema 1081 stf,0,50,0%,28.64
tema 497 stf,0,50,0%,37.86
tema 29 stf,0,49,0%,6.73
sumula 39 stj,0,49,0%,7.12
tema 16 stj,0,49,0%,7.16
tema 423 stf,0,49,0%,8.29
sumula 11 tnu,0,49,0%,11.51
tema 966 stj,0,49,0%,15.57
tema 1106 stj,0,49,0%,17.73
tema 1037 stf,0,49,0%,26.1
sumula 7 stj,0,49,0%,33.14
tema 638 stf,0,49,0%,42.53
tema 1334 stj,0,48,0%,8.23
stf tema 1419,0,48,0%,8.81
tema 283 stf,0,48,0%,9.25
tema 540 stj,0,48,0%,9.48
tema 1055 stf,0,48,0%,10.62
súmula 556 do stf,0,48,0%,11.44
tema 998 stj,0,48,0%,20.23
tema 1190 stj,0,48,0%,24.71
sumula 165 stf,0,47,0%,6.45
sumula 301 stf,0,47,0%,8.36
sumula 129 stf,0,47,0%,8.83
tema 1.291 do stj,0,47,0%,9.4
tema repetitivo 1229,0,47,0%,9.79
tema 1194 do stj,0,47,0%,10.02
tema 534 do stj,0,47,0%,10.79
sumula 621 stf,0,47,0%,13.28
tema 1105 stj,0,47,0%,16.87
sumula 130 stj,0,47,0%,27.91
tema 508 stf,0,47,0%,28.17
sumula 439 stj,0,47,0%,29.55
cumprimento de sentença impugnação,0,47,0%,39.17
tema 1120,0,46,0%,9.52
tema 1261,0,46,0%,9.52
súmula 435 tst,0,46,0%,9.96
tema 1087 stf,0,46,0%,22.89
tema 792 stf,0,46,0%,24.41
tema 531 stj,0,46,0%,25.2
tema 550 stf,0,46,0%,28.2
tema 929 stj,0,46,0%,30.57
tema 1124 stf,0,46,0%,33.11
tema 1031 do stj,0,46,0%,35.39
tema 1062 stf,0,46,0%,36.83
impugnacao ao cumprimento de sentenca,0,46,0%,41.91
tema 1270 stj,0,45,0%,7.4
sumula 241 stf,0,45,0%,9.16
tema 1058,0,45,0%,10.6
tema 1312 stj,0,45,0%,10.6
sumula 308 tst,0,45,0%,15.44
tema 478 stj,0,45,0%,15.58
tema 1051 stj,0,45,0%,18.27
tema 1164 stf,0,45,0%,19.76
tema 919 stf,0,45,0%,22.33
tema 1132 stf,0,45,0%,24
tema 1231 stj,0,45,0%,25.93
tema 1097 stf,0,45,0%,43.96
compensação de ofício,0,45,0%,50.13
tema 188 stj,0,44,0%,8.61
tema 1162,0,44,0%,9.5
tema 1043 stj,0,44,0%,10.23
stf tema 905,0,44,0%,10.36
tema 1053 stf,0,44,0%,19.75
tema 1153 stj,0,44,0%,21.02
sumula 246 stj,0,44,0%,28.55
cédula de crédito bancário exemplo,0,44,0%,85.05
enunciado 397 jornada de direito civil,0,43,0%,6.05
tema 532/stj,0,43,0%,7.12
tema 1222 stj,0,43,0%,7.23
sumula 100 stf,0,43,0%,8.3
tema 54 stj,0,43,0%,8.47
tema 1210 stf,0,43,0%,8.86
tema 1272,0,43,0%,8.95
tema 754 stf,0,43,0%,9.81
tema 1229 do stj,0,43,0%,10.12
sumula 24 tst,0,43,0%,11.05
tema 953 stj,0,43,0%,11.44
sumula 98 stj,0,43,0%,18.95
tema 1170 stj,0,43,0%,20.05
sumula 387 stj,0,43,0%,27.19
tema 1177 stf,0,43,0%,27.33
tema 839 stf,0,43,0%,32.58
requisição de pequeno valor,0,43,0%,92.74
tema 1243,0,42,0%,7.36
tema 926 stj,0,42,0%,8.02
sumula 216 tst,0,42,0%,9.19
tema 1162/stj,0,42,0%,9.45
tema 924 stf,0,42,0%,10.81
sumula 192 stj,0,42,0%,17.21
tema 1226 stj,0,42,0%,24.6
tema 528 stf,0,42,0%,27.17
tema 1193 stj,0,42,0%,33.26
sumula vinculante 35,0,42,0%,34.07
tema 1029 stf,0,42,0%,40.19
tema 1113 stf,0,42,0%,42.86
tema 214 stf,0,42,0%,46.38
sumula 377 stf foi revogada,0,42,0%,68.4
súmula 420 tst,0,41,0%,3.46
tema 376 stj,0,41,0%,7.22
tema 1065 stj,0,41,0%,7.8
tema 908 do stj,0,41,0%,7.83
sumula 75 tst,0,41,0%,10.8
tema 1078 stj,0,41,0%,11.63
súmulas vinculantes para concursos públicos,0,41,0%,16.1
sumula 530 stf,0,40,0%,5.72
tema 910 stj,0,40,0%,6.2
sumula 495 stf,0,40,0%,7.45
tema 1251,0,40,0%,8.65
tema 125 stj,0,40,0%,8.95
1291 stj,0,40,0%,9.3
sumula 116 stj,0,40,0%,9.32
tema 1400 stf,0,40,0%,9.68
tema 972 stj,0,40,0%,16.55
sumula 122 stj,0,40,0%,18.62
súmula 130 stj,0,40,0%,28.85
tema 1137 stf,0,40,0%,31.82
teses de repercussão geral,0,40,0%,46
capitalização de juros,0,40,0%,54.27
resumo sobre a ação de consignação em pagamento,0,40,0%,58.1
repetição de indébito tributário,0,40,0%,62.5
tema 589,0,39,0%,8.74
tema 1159 stj,0,39,0%,9.54
tema 143,0,39,0%,9.62
stj tema 1194,0,39,0%,9.74
tema 905 do stf,0,39,0%,9.79
stf tema 1250,0,39,0%,10.1
tema 1352 stj,0,39,0%,11.1
súmula 98 stj,0,39,0%,19.51
tema 106 stf,0,39,0%,25.97
tema 1048 stf,0,39,0%,27.82
sumula 258 stj,0,39,0%,33.92
tema 1182 stf,0,39,0%,35.38
sumula 239 stj,0,39,0%,36.28
aviso prévio para reunião pública,0,39,0%,81.21
súmula 410 do tst,0,38,0%,1.87
tema 82 stj,0,38,0%,7.74
tema 539 stj,0,38,0%,8.42
stj tema 1233,0,38,0%,8.95
stj tema 1229,0,38,0%,9.16
tema 1372,0,38,0%,9.87
tema 578,0,38,0%,10.26
sumula 377 stj,0,38,0%,28.53
sumula 323 stf,0,38,0%,31.63
juros capitalizados,0,38,0%,33.55
tema 1090 stf,0,38,0%,38.95
tema 1010 stf,0,38,0%,39.53
gatt,0,38,0%,51.71
sumula 556 stf,0,37,0%,5.97
tema 1357,0,37,0%,7.7
tema 991 stf,0,37,0%,8.92
tema 1147,0,37,0%,10
tema 249 stf,0,37,0%,10.84
sumula 359 stf,0,37,0%,23.3
tema 532 stf,0,37,0%,30.27
embargos a execução fiscal,0,37,0%,39.7
tema 247 stf,0,37,0%,57.89
prescrição penal,0,37,0%,64.3
tema 915 stj,0,36,0%,5.67
tema 570,0,36,0%,7.17
tema 905 stj,0,36,0%,7.19
tema 738,0,36,0%,7.25
tema 541 stj,0,36,0%,9.5
tema 1.404 da repercussão geral,0,36,0%,10.75
sumula 144 tst,0,36,0%,11.47
sumula 32 stj,0,36,0%,14.14
súmula 43 stj,0,36,0%,19.53
sumula 430 stj,0,36,0%,31.36
tema 801 stf,0,36,0%,37.64
sumula 381 stj,0,36,0%,47.22
sumula 415 tst,0,35,0%,4.23
tema 811 stf,0,35,0%,8.66
tema 1291/stj,0,35,0%,9.34
súmula 335 do supremo tribunal federal,0,35,0%,9.66
tema 1054 stj,0,35,0%,9.71
tema 1351 stj,0,35,0%,10.14
tema 1250 do stj,0,35,0%,10.43
tema 156 stj,0,35,0%,10.66
tema 1404 da repercussão geral,0,35,0%,10.77
sumula 111 stf,0,35,0%,11.57
tema 524 stf,0,35,0%,12.14
tema 1214 stf,0,35,0%,54.71
ccb cédula de crédito bancário,0,35,0%,90.94
sumula 126 stf,0,34,0%,3.59
"súmula 187 tst texto ""a correção monetária não incide sobre o débito 
do trabalhador reclamante""",0,34,0%,6.53
tema 974 stj,0,34,0%,7.41
súmula 437 tst texto intervalo intrajornada,0,34,0%,8.15
súmula 283 stf texto,0,34,0%,9.47
sumula embargos de terceiro,0,34,0%,9.91
tema 1123,0,34,0%,10
tema 1.285 do stj,0,34,0%,10.09
sumula 34 tst,0,34,0%,10.47
tema 1025 stj,0,34,0%,10.65
tema 425 stj,0,34,0%,10.85
sumula 367 stf,0,34,0%,11.35
tema 815 stf,0,34,0%,11.56
sumula 723 stf,0,34,0%,13.53
sumula 166 stj,0,34,0%,22.65
sumula 247 stj,0,34,0%,29.26
crime de extorsão teses do stj,0,34,0%,42.47
sumula vinculante 3,0,34,0%,44.38
tema 1170 stf,0,34,0%,46.91
súmula 381 do stj,0,34,0%,50.59
repercussão geral suspende prescrição criminal,0,34,0%,50.91
taxa tac,0,34,0%,75.41
rpv requisição de pequeno valor,0,34,0%,86.56
enunciado 530 jornada de direito civil,0,33,0%,9.09
tema 950 stj,0,33,0%,9.24
tema 112 do stj,0,33,0%,10.7
tema 132 stj,0,33,0%,11.3
stj tema 1178,0,33,0%,11.61
sumula 504 stj,0,33,0%,24.3
gravação ambiental na seara eleitoral,0,33,0%,45.15
sumula 381 do stj,0,33,0%,47.55
tema 201 stf,0,33,0%,53.7
responsabilidade tributária,0,33,0%,85.55
sumula 102 stf,0,32,0%,3.12
tema 741 stj,0,32,0%,7.06
tema 1298,0,32,0%,8.06
súmula 258 stf,0,32,0%,8.34
tema 1390 stj,0,32,0%,8.78
tema 61 stj,0,32,0%,9.19
tema 1138,0,32,0%,9.91
sumula 93 do tst,0,32,0%,11.31
tema 1160 stj,0,32,0%,11.41
tema 1095 stj,0,32,0%,11.94
sumula 62 tst,0,32,0%,12.25
sumula 237 stf,0,32,0%,16.47
sumula 503 stj,0,32,0%,24.97
sumula 150 stj,0,32,0%,29.06
sumula 301 stj,0,32,0%,36.59
súmula vinculante 59 tráfico de drogas,0,32,0%,43.22
súmula 94 do tst,0,31,0%,5.23
tema 556,0,31,0%,8.55
tema 1035 stj,0,31,0%,9.48
tema 1291 do stj,0,31,0%,9.55
súmula 32 tst abandono de emprego texto,0,31,0%,9.9
tema 1333,0,31,0%,10.06
tema 1341,0,31,0%,10.19
re 1027633,0,31,0%,10.9
principio da insignificancia sumula,0,31,0%,11.52
sumula 196 stj,0,31,0%,16.03
sumula 132 stj,0,31,0%,19.58
tema 1300 stj,0,31,0%,21.39
377,0,31,0%,77.65
sumula 319 tst,0,30,0%,6.87
sumula stf mandado de segurança,0,30,0%,7.07
tema 1351,0,30,0%,8.2
tema 737,0,30,0%,8.83
tema 743,0,30,0%,8.97
tema 965 stj,0,30,0%,9.17
sumula 478 stf,0,30,0%,9.27
tema 1044 stf,0,30,0%,9.6
tema 392 stj,0,30,0%,10.33
tema 130 stj,0,30,0%,10.67
tema 1322 stj,0,30,0%,11.33
sumula 367 stj,0,30,0%,19.8
impugnação cumprimento sentença,0,30,0%,36.8
sumula 381,0,30,0%,38.9
tema 1099 stf,0,30,0%,47.37
tema 542 stf,0,30,0%,47.37
tema 190 stf,0,30,0%,52
teses tributárias,0,30,0%,58.1
súmula 665 do stj controle judicial da administração pública,0,30,0%,66.6
agravo interno e agravo regimental,0,30,0%,69
tema 912 stf,0,29,0%,4.07
tema 1167 stj,0,29,0%,7.52
tema 143 do stj,0,29,0%,7.72
tema 58 stf,0,29,0%,9.07
tema 1.380,0,29,0%,9.38
tema 1321,0,29,0%,9.69