Páginas principais,Cliques,Impressões,CTR,Posição
https://tesesesumulas.com.br/,431,871,49.48%,3.84
https://tesesesumulas.com.br/tese/stj/1120880,74,760,9.74%,5.31
https://tesesesumulas.com.br/tema/mandado-de-seguranca,70,1277,5.48%,8.39
https://tesesesumulas.com.br/tese/stf/27395,52,2172,2.39%,7.4
https://tesesesumulas.com.br/tese/stf/16540,50,3809,1.31%,8.85
https://tesesesumulas.com.br/tese/stf/8239,48,2873,1.67%,6.92
https://tesesesumulas.com.br/tema/rescisoria,42,536,7.84%,8.57
https://tesesesumulas.com.br/teses/stf,38,7878,0.48%,17.14
https://tesesesumulas.com.br/tese/stj/1139366,30,1840,1.63%,8.35
https://www.tesesesumulas.com.br/,30,410,7.32%,9.72
https://tesesesumulas.com.br/teses/stj,28,4052,0.69%,10.25
https://tesesesumulas.com.br/tema/horas-extras,28,2110,1.33%,10.49
https://tesesesumulas.com.br/tema/concurso-publico,27,872,3.1%,9.3
https://tesesesumulas.com.br/newsletters,26,726,3.58%,10.07
https://tesesesumulas.com.br/tese/stj/385,26,693,3.75%,6.9
https://tesesesumulas.com.br/tese/stj/660444,25,917,2.73%,7.42
https://tesesesumulas.com.br/tema/responsabilidade-civil-do-estado,25,785,3.18%,10.07
https://tesesesumulas.com.br/tema/improbidade-administrativa,24,215,11.16%,9.14
https://tesesesumulas.com.br/tese/stj/185,23,2637,0.87%,9.57
https://tesesesumulas.com.br/tese/stf/28334,23,451,5.1%,5.88
https://tesesesumulas.com.br/tese/stj/1568023,22,2350,0.94%,9.8
https://tesesesumulas.com.br/tese/stj/1507840,22,999,2.2%,6.54
https://tesesesumulas.com.br/tema/iptu,22,304,7.24%,6.36
https://tesesesumulas.com.br/tema/fazenda-pblica,22,203,10.84%,7.9
https://tesesesumulas.com.br/tema/ipi,21,125,16.8%,6.83
https://tesesesumulas.com.br/tese/stj/1589208,20,886,2.26%,6.84
https://tesesesumulas.com.br/tema/nulidade,20,562,3.56%,10.5
https://tesesesumulas.com.br/tese/stj/1400547,20,449,4.45%,5.94
https://tesesesumulas.com.br/tese/stj/807254,19,793,2.4%,9.86
https://tesesesumulas.com.br/tema/habeas-corpus,19,466,4.08%,10.66
https://tesesesumulas.com.br/tema/tribunal-do-juri,19,143,13.29%,8.35
https://tesesesumulas.com.br/tema/usucapiao,18,399,4.51%,10.87
https://tesesesumulas.com.br/tema/locacao,18,332,5.42%,8.95
https://tesesesumulas.com.br/tema/acordo-de-nao-persecucao-penal,18,129,13.95%,7.5
https://tesesesumulas.com.br/tema/loas,17,382,4.45%,8.15
https://tesesesumulas.com.br/tema/simples-nacional,17,277,6.14%,7.84
https://tesesesumulas.com.br/tema/ao-civil-pblica,17,198,8.59%,11.42
https://tesesesumulas.com.br/tema/iss,17,197,8.63%,7.61
https://tesesesumulas.com.br/tese/stf/792,16,1373,1.17%,9.12
https://tesesesumulas.com.br/tema/insalubridade,15,329,4.56%,10.74
https://tesesesumulas.com.br/tema/direito-ambiental,15,227,6.61%,12.61
https://tesesesumulas.com.br/tese/stj/911,14,1687,0.83%,8.18
https://tesesesumulas.com.br/tema/aposentadoria-rural,14,201,6.97%,14.36
https://tesesesumulas.com.br/tema/direito-empresarial,14,141,9.93%,9.13
https://tesesesumulas.com.br/tese/stj/1656941,13,1435,0.91%,8.46
https://tesesesumulas.com.br/tese/stj/1628098,13,831,1.56%,7.11
https://tesesesumulas.com.br/tema/responsabilidade-civil,13,699,1.86%,9.43
https://tesesesumulas.com.br/tese/stj/1593470,13,686,1.9%,10.14
https://tesesesumulas.com.br/tese/stj/1656947,13,229,5.68%,9.7
https://tesesesumulas.com.br/tema/municipio,13,90,14.44%,7.71
https://tesesesumulas.com.br/tema/ipva,13,84,15.48%,6.25
https://tesesesumulas.com.br/tese/stf/5486,12,856,1.4%,7.81
https://tesesesumulas.com.br/tese/stf/13761,12,763,1.57%,6.69
https://tesesesumulas.com.br/tema/direito-tributrio,12,595,2.02%,18.55
https://tesesesumulas.com.br/tema/monitoria,12,559,2.15%,16.07
https://tesesesumulas.com.br/temas,12,543,2.21%,4.62
https://tesesesumulas.com.br/tese/stj/1414140,12,383,3.13%,12.05
https://tesesesumulas.com.br/tema/icms,12,373,3.22%,11.35
https://tesesesumulas.com.br/tema/acao-popular,12,90,13.33%,16.74
https://tesesesumulas.com.br/tese/stj/1580698,11,1243,0.88%,9.43
https://tesesesumulas.com.br/tese/stf/799,11,836,1.32%,9.48
https://tesesesumulas.com.br/tese/stj/1390899,11,583,1.89%,10.98
https://tesesesumulas.com.br/tema/itbi,11,437,2.52%,8.98
https://tesesesumulas.com.br/tese/stf/24584,11,429,2.56%,7.58
https://tesesesumulas.com.br/tese/stj/339690,11,426,2.58%,5.21
https://tesesesumulas.com.br/tese/stj/671,11,426,2.58%,9.64
https://tesesesumulas.com.br/tese/stj/169225,11,302,3.64%,5.87
https://tesesesumulas.com.br/tese/stj/256914,11,188,5.85%,5.24
https://tesesesumulas.com.br/tema/recurso-de-revista,11,152,7.24%,7.51
https://tesesesumulas.com.br/tese/stj/1719670,11,97,11.34%,6.26
https://tesesesumulas.com.br/tese/stj/871,10,2111,0.47%,8.44
https://tesesesumulas.com.br/tese/stj/1505790,10,1054,0.95%,6.16
https://tesesesumulas.com.br/tese/stj/186218,10,823,1.22%,7.74
https://tesesesumulas.com.br/tese/stf/847,10,785,1.27%,8.42
https://tesesesumulas.com.br/tese/stj/1553322,10,555,1.8%,6.7
https://tesesesumulas.com.br/tese/stf/807,10,533,1.88%,7.12
https://tesesesumulas.com.br/tema/inquerito-policial,10,241,4.15%,11.07
https://tesesesumulas.com.br/tese/stj/1277827,10,183,5.46%,5.92
https://tesesesumulas.com.br/tema/lei-de-drogas,10,127,7.87%,9.03
https://tesesesumulas.com.br/tema/posse,10,127,7.87%,9.43
https://tesesesumulas.com.br/tema/mandado-de-injuno,10,111,9.01%,13.21
https://tesesesumulas.com.br/tema/direito-financeiro,10,37,27.03%,8.24
https://tesesesumulas.com.br/tese/stj/1621535,9,831,1.08%,7.45
https://tesesesumulas.com.br/tese/stj/1602055,9,521,1.73%,6.64
https://tesesesumulas.com.br/tese/stj/1544988,9,389,2.31%,8.54
https://tesesesumulas.com.br/tese/stj/1003750,9,242,3.72%,7.79
https://tesesesumulas.com.br/tema/violencia-domestica,9,143,6.29%,5.93
https://tesesesumulas.com.br/tema/acidente-de-transito,9,88,10.23%,8.55
https://tesesesumulas.com.br/tema/imposto-importacao,9,80,11.25%,11.97
https://tesesesumulas.com.br/tema/lucro-presumido,9,49,18.37%,9.76
https://tesesesumulas.com.br/tese/stj/1408301,8,2076,0.39%,9.69
https://tesesesumulas.com.br/tese/stj/1602057,8,803,1%,7.54
https://tesesesumulas.com.br/tese/stj/1634681,8,722,1.11%,6.89
https://tesesesumulas.com.br/tese/stj/678,8,559,1.43%,9.21
https://tesesesumulas.com.br/tese/stj/1623719,8,494,1.62%,10.12
https://tesesesumulas.com.br/tese/stj/1582822,8,308,2.6%,7.45
https://tesesesumulas.com.br/tese/stj/502064,8,225,3.56%,17.8
https://tesesesumulas.com.br/tema/desapropriacao,8,171,4.68%,11.84
https://tesesesumulas.com.br/tese/stj/1354378,8,164,4.88%,4.68
https://tesesesumulas.com.br/tese/stj/1437579,7,954,0.73%,9.81
https://tesesesumulas.com.br/tese/stf/835,7,757,0.92%,10.24
https://tesesesumulas.com.br/tese/stf/26457,7,675,1.04%,8.7
https://tesesesumulas.com.br/tese/stj/1668301,7,441,1.59%,9.15
https://tesesesumulas.com.br/tema/coisa-julgada,7,346,2.02%,15.19
https://tesesesumulas.com.br/tese/stj/1597755,7,337,2.08%,6.86
https://tesesesumulas.com.br/tese/stj/1524265,7,328,2.13%,6.81
https://tesesesumulas.com.br/tese/stj/1469347,7,316,2.22%,7.41
https://tesesesumulas.com.br/tese/stj/1451381,7,314,2.23%,5.7
https://tesesesumulas.com.br/tese/stj/1623724,7,198,3.54%,11.19
https://tesesesumulas.com.br/tese/stj/1456348,7,182,3.85%,6.7
https://tesesesumulas.com.br/tema/cheque,7,144,4.86%,9.52
https://tesesesumulas.com.br/tese/stj/1501701,6,898,0.67%,7.93
https://tesesesumulas.com.br/tese/stf/911,6,835,0.72%,8.98
https://tesesesumulas.com.br/sumula/tst/455,6,791,0.76%,9.61
https://tesesesumulas.com.br/tese/stj/526,6,652,0.92%,8.59
https://tesesesumulas.com.br/tese/stj/589,6,562,1.07%,10.67
https://tesesesumulas.com.br/tese/stj/1017,6,553,1.08%,8.25
https://tesesesumulas.com.br/tese/stf/895,6,504,1.19%,8.38
https://tesesesumulas.com.br/tese/stf/883,6,462,1.3%,10.26
https://tesesesumulas.com.br/tese/stj/1666024,6,401,1.5%,10.07
https://tesesesumulas.com.br/tese/stj/1532496,6,373,1.61%,9.64
https://tesesesumulas.com.br/tese/stj/48805,6,346,1.73%,7.84
https://tesesesumulas.com.br/tema/guarda-compartilhada,6,330,1.82%,10.15
https://tesesesumulas.com.br/tese/stf/24585,6,320,1.88%,6.73
https://tesesesumulas.com.br/tese/stj/1532507,6,222,2.7%,7.36
https://tesesesumulas.com.br/tema/cerceamento-de-defesa,6,165,3.64%,9.84
https://tesesesumulas.com.br/tese/stj/1643526,5,865,0.58%,6.85
https://tesesesumulas.com.br/tese/stj/1465336,5,791,0.63%,11.28
https://tesesesumulas.com.br/sumula/tst/522,5,676,0.74%,11.32
https://tesesesumulas.com.br/tese/stf/13759,5,596,0.84%,9.38
https://tesesesumulas.com.br/tese/stj/568,5,592,0.84%,10.63
https://tesesesumulas.com.br/tese/stj/608,5,477,1.05%,14.47
https://tesesesumulas.com.br/tese/stj/424,5,467,1.07%,10.27
https://tesesesumulas.com.br/tese/stj/1501703,5,402,1.24%,11.02
https://tesesesumulas.com.br/tema/prescricao-civil,5,396,1.26%,17.14
https://tesesesumulas.com.br/tese/stj/125393,5,386,1.3%,23.85
https://tesesesumulas.com.br/tema/insignificancia,5,384,1.3%,17.72
https://tesesesumulas.com.br/tese/stj/234,5,375,1.33%,8.18
https://tesesesumulas.com.br/tese/stj/1643519,5,342,1.46%,7.64
https://tesesesumulas.com.br/tese/stf/866,5,337,1.48%,11.61
https://tesesesumulas.com.br/tese/stf/867,5,307,1.63%,7.05
https://tesesesumulas.com.br/tema/embargos-de-terceiro,5,284,1.76%,9.49
https://tesesesumulas.com.br/tese/stj/351,5,258,1.94%,8.24
https://tesesesumulas.com.br/tese/stj/1641298,5,243,2.06%,9.9
https://tesesesumulas.com.br/tese/stf/766,5,228,2.19%,8.77
https://tesesesumulas.com.br/tese/stj/1069546,5,223,2.24%,5.87
https://tesesesumulas.com.br/tema/turbacao-de-posse,5,212,2.36%,7.26
https://tesesesumulas.com.br/tese/stj/143858,5,172,2.91%,5.6
https://tesesesumulas.com.br/tema/seguro,5,150,3.33%,13.47
https://tesesesumulas.com.br/tese/stj/33,5,121,4.13%,6.4
https://tesesesumulas.com.br/tema/inventario,5,100,5%,6.76
https://tesesesumulas.com.br/tema/cdigo-de-trnsito-brasileiro,5,74,6.76%,27.66
https://tesesesumulas.com.br/tema/energia-eletrica,5,73,6.85%,8.23
https://tesesesumulas.com.br/tema/competencia-penal,5,72,6.94%,12.56
https://tesesesumulas.com.br/tese/stf/28335,5,60,8.33%,7.3
https://tesesesumulas.com.br/tema/abuso-de-autoridade,5,50,10%,9.82
https://tesesesumulas.com.br/tese/stf/33060,5,47,10.64%,6.06
https://tesesesumulas.com.br/tema/direito-penal-militar,5,44,11.36%,8
https://tesesesumulas.com.br/tema/servidor-publico-municipal,5,37,13.51%,7.89
https://tesesesumulas.com.br/tema/nacionalidade,5,34,14.71%,5.91
https://tesesesumulas.com.br/tese/stj/339687,4,713,0.56%,8.58
https://tesesesumulas.com.br/tese/stj/63696,4,599,0.67%,8.87
https://tesesesumulas.com.br/tese/stj/1608528,4,577,0.69%,10.1
https://tesesesumulas.com.br/tese/stj/1621537,4,437,0.92%,7.99
https://tesesesumulas.com.br/sumula/stf/15,4,433,0.92%,5.73
https://tesesesumulas.com.br/tese/stf/10998,4,413,0.97%,6.89
https://tesesesumulas.com.br/tese/stj/409,4,398,1.01%,8.76
https://tesesesumulas.com.br/tese/stj/1475376,4,393,1.02%,8.5
https://tesesesumulas.com.br/tese/stf/871,4,383,1.04%,10.02
https://tesesesumulas.com.br/tese/stj/193,4,381,1.05%,8.4
https://tesesesumulas.com.br/tese/stj/1650206,4,378,1.06%,9.25
https://tesesesumulas.com.br/tema/imunidade-tributaria,4,339,1.18%,10.17
https://tesesesumulas.com.br/tese/stf/881,4,332,1.2%,7.19
https://tesesesumulas.com.br/tese/stj/1532503,4,311,1.29%,8.24
https://tesesesumulas.com.br/tese/stj/400,4,282,1.42%,9.73
https://tesesesumulas.com.br/tese/stj/1608525,4,280,1.43%,8.51
https://tesesesumulas.com.br/tese/stj/960019,4,261,1.53%,5.81
https://tesesesumulas.com.br/tema/boa-fe,4,243,1.65%,17.46
https://tesesesumulas.com.br/tese/stj/1551232,4,241,1.66%,7.34
https://tesesesumulas.com.br/tese/stj/738,4,239,1.67%,7.02
https://tesesesumulas.com.br/tema/contratos-aleatorios,4,221,1.81%,14.15
https://tesesesumulas.com.br/tese/stj/1645747,4,212,1.89%,9.71
https://tesesesumulas.com.br/tema/principio-da-menor-onerosidade,4,206,1.94%,13.83
https://tesesesumulas.com.br/tese/stj/1572241,4,180,2.22%,9.58
https://tesesesumulas.com.br/tese/stf/605,4,158,2.53%,9.53
https://tesesesumulas.com.br/tema/reajuste-da-tabela-sus,4,157,2.55%,10.06
https://tesesesumulas.com.br/tema/acao-de-consignacao-em-pagamento,4,152,2.63%,28.37
https://tesesesumulas.com.br/tese/stj/1367816,4,143,2.8%,7.52
https://tesesesumulas.com.br/tema/direito-administrativo,4,143,2.8%,10.29
https://tesesesumulas.com.br/tema/greve,4,128,3.12%,10.02
https://tesesesumulas.com.br/sumula/tst/183,4,118,3.39%,5.81
https://tesesesumulas.com.br/tema/bis-in-idem,4,115,3.48%,14.63
https://tesesesumulas.com.br/tese/stj/1634687,4,113,3.54%,7.58
https://tesesesumulas.com.br/tema/liberdade-de-expressao,4,102,3.92%,6.32
https://tesesesumulas.com.br/tese/stf/421,4,92,4.35%,9.2
https://tesesesumulas.com.br/tema/direito-de-laje,4,72,5.56%,8.6
https://tesesesumulas.com.br/tema/auxilio-doena,4,71,5.63%,15.75
https://tesesesumulas.com.br/tema/crimes-hediondos,4,69,5.8%,13.86
https://tesesesumulas.com.br/tese/stj/887,4,63,6.35%,6.89
https://tesesesumulas.com.br/tema/falncia,4,62,6.45%,12.55
https://tesesesumulas.com.br/tema/regime-disciplinar-diferenciado,4,53,7.55%,5.77
https://tesesesumulas.com.br/tema/meio-ambiente,4,45,8.89%,7.4
https://tesesesumulas.com.br/tema/itr,4,39,10.26%,8.18
https://tesesesumulas.com.br/tema/propriedade-intelectual,4,31,12.9%,10.71
https://tesesesumulas.com.br/tema/lindb,4,19,21.05%,2.95
https://tesesesumulas.com.br/tema/agentes-pblicos,4,17,23.53%,6.35
https://tesesesumulas.com.br/tese/stf/33058,4,12,33.33%,4.25
https://tesesesumulas.com.br/tema/defensoria-publica,4,12,33.33%,6.67
https://tesesesumulas.com.br/tema/clusula-de-arrependimento,3,1462,0.21%,8.1
https://tesesesumulas.com.br/tese/stj/916313,3,1085,0.28%,8.93
https://tesesesumulas.com.br/tese/stj/410,3,643,0.47%,11.51
https://tesesesumulas.com.br/tema/sucessao-legitima,3,623,0.48%,6.78
https://tesesesumulas.com.br/tese/stj/237,3,603,0.5%,10.07
https://tesesesumulas.com.br/tese/stj/1493564,3,583,0.51%,1.92
https://tesesesumulas.com.br/tese/stj/534,3,552,0.54%,10.62
https://tesesesumulas.com.br/tese/stj/1408298,3,542,0.55%,7.48
https://tesesesumulas.com.br/tese/stj/640,3,514,0.58%,10.62
https://tesesesumulas.com.br/tese/stj/1693768,3,503,0.6%,9.65
https://tesesesumulas.com.br/tese/stj/166,3,445,0.67%,9.29
https://tesesesumulas.com.br/tese/stf/913,3,444,0.68%,8.25
https://tesesesumulas.com.br/tese/stj/706,3,441,0.68%,10.26
https://tesesesumulas.com.br/sumula/stf/182,3,393,0.76%,7.43
https://tesesesumulas.com.br/tese/stj/509255,3,386,0.78%,7.63
https://tesesesumulas.com.br/tese/stj/694,3,354,0.85%,7.94
https://tesesesumulas.com.br/tese/stj/105,3,326,0.92%,7.98
https://tesesesumulas.com.br/sumula/tst/497,3,325,0.92%,5.92
https://tesesesumulas.com.br/tese/stj/1621533,3,324,0.93%,9
https://tesesesumulas.com.br/tese/stf/786,3,295,1.02%,8.41
https://tesesesumulas.com.br/tese/stj/1277810,3,289,1.04%,7.01
https://tesesesumulas.com.br/tese/stj/52,3,265,1.13%,8.6
https://tesesesumulas.com.br/tese/stj/1047,3,260,1.15%,7.53
https://tesesesumulas.com.br/tese/stj/672,3,237,1.27%,10.16
https://tesesesumulas.com.br/tese/stj/1643522,3,230,1.3%,8.42
https://tesesesumulas.com.br/tese/stj/590,3,224,1.34%,7.82
https://tesesesumulas.com.br/tema/tarifa-de-esgoto,3,217,1.38%,12.79
https://tesesesumulas.com.br/tese/stj/190,3,208,1.44%,10.38
https://tesesesumulas.com.br/tema/uniao-estavel,3,203,1.48%,13.74
https://tesesesumulas.com.br/tese/stj/1698458,3,197,1.52%,9.23
https://tesesesumulas.com.br/tese/stj/1532498,3,180,1.67%,9.79
https://tesesesumulas.com.br/tese/stf/810,3,176,1.7%,7.48
https://tesesesumulas.com.br/sumula/tnu/104038,3,173,1.73%,10.02
https://tesesesumulas.com.br/tese/stj/626,3,172,1.74%,10.84
https://tesesesumulas.com.br/tema/poder-de-policia,3,168,1.79%,13.72
https://tesesesumulas.com.br/tese/stf/516,3,158,1.9%,8.68
https://tesesesumulas.com.br/tema/consrcio,3,158,1.9%,9.03
https://tesesesumulas.com.br/tese/stj/1277825,3,153,1.96%,5.42
https://tesesesumulas.com.br/tese/stj/524,3,140,2.14%,7.07
https://tesesesumulas.com.br/tese/stj/483,3,140,2.14%,9.51
https://tesesesumulas.com.br/tema/ao-de-despejo,3,138,2.17%,62.75
https://tesesesumulas.com.br/tema/direito-previdencirio,3,137,2.19%,10.68
https://tesesesumulas.com.br/tese/stf/831,3,134,2.24%,8.16
https://tesesesumulas.com.br/tese/stf/841,3,129,2.33%,11.5
https://tesesesumulas.com.br/tese/stj/1641304,3,127,2.36%,9.69
https://tesesesumulas.com.br/tese/stf/875,3,120,2.5%,10.73
https://tesesesumulas.com.br/tese/stj/350,3,111,2.7%,7.18
https://tesesesumulas.com.br/tema/agravo-de-instrumento,3,105,2.86%,11.21
https://tesesesumulas.com.br/tema/fracionamento-de-precatrio,3,97,3.09%,12.31
https://tesesesumulas.com.br/tese/stf/13760,3,96,3.12%,4.48
https://tesesesumulas.com.br/tese/stj/81,3,95,3.16%,6.17
https://tesesesumulas.com.br/tese/stj/215348,3,95,3.16%,17.86
https://tesesesumulas.com.br/tema/duplicata,3,86,3.49%,15.23
https://tesesesumulas.com.br/tese/stj/443,3,85,3.53%,10.38
https://tesesesumulas.com.br/tese/stj/1632482,3,85,3.53%,10.52
https://tesesesumulas.com.br/tema/competencia-da-justica-do-trabalho,3,85,3.53%,10.92
https://tesesesumulas.com.br/tema/prova-ilicita,3,84,3.57%,5.23
https://tesesesumulas.com.br/tema/dosimetria,3,84,3.57%,12.2
https://tesesesumulas.com.br/tema/condominio,3,83,3.61%,10.72
https://tesesesumulas.com.br/tema/alienacao-fiduciaria,3,79,3.8%,14.14
https://tesesesumulas.com.br/tese/stj/15,3,63,4.76%,6.97
https://tesesesumulas.com.br/tese/stf/874,3,63,4.76%,9.83
https://tesesesumulas.com.br/tese/stj/1441502,3,62,4.84%,13.98
https://tesesesumulas.com.br/tese/stf/31161,3,57,5.26%,6.37
https://tesesesumulas.com.br/tese/stj/262,3,56,5.36%,6.64
https://tesesesumulas.com.br/tema/habeas-data,3,56,5.36%,8.39
https://tesesesumulas.com.br/tema/corretagem,3,40,7.5%,9.43
https://tesesesumulas.com.br/tema/inss,3,40,7.5%,11.25
https://tesesesumulas.com.br/tema/direito-bancrio,3,39,7.69%,9
https://tesesesumulas.com.br/tema/testamento,3,35,8.57%,10.57
https://tesesesumulas.com.br/tema/doacao,3,30,10%,6.7
https://tesesesumulas.com.br/tema/bens-pblicos,3,28,10.71%,6.32
https://tesesesumulas.com.br/tema/homicidio,3,16,18.75%,5.38
https://tesesesumulas.com.br/tese/stf/593,2,1045,0.19%,10.55
https://tesesesumulas.com.br/tese/stj/167,2,686,0.29%,7.65
https://tesesesumulas.com.br/tese/stj/1034,2,539,0.37%,9.42
https://tesesesumulas.com.br/sumulas/tnu,2,477,0.42%,8.27
https://tesesesumulas.com.br/tese/stj/143,2,433,0.46%,9.07
https://tesesesumulas.com.br/tese/stj/533,2,433,0.46%,9.91
https://tesesesumulas.com.br/tema/cdigo-tributrio-nacional-ctn,2,431,0.46%,60.84
https://tesesesumulas.com.br/sumula/stj/43,2,430,0.47%,16.14
https://tesesesumulas.com.br/tese/stj/1058,2,427,0.47%,9.77
https://tesesesumulas.com.br/tese/stj/976,2,421,0.48%,9.31
https://tesesesumulas.com.br/tema/emancipao,2,419,0.48%,7.74
https://tesesesumulas.com.br/tese/stj/958,2,409,0.49%,11.87
https://tesesesumulas.com.br/sumula/stf/284,2,399,0.5%,21.23
https://tesesesumulas.com.br/tese/stj/1656939,2,384,0.52%,8.43
https://tesesesumulas.com.br/tema/paridade,2,376,0.53%,61.1
https://tesesesumulas.com.br/tese/stj/1656949,2,358,0.56%,9.52
https://tesesesumulas.com.br/tese/stj/948,2,352,0.57%,11.15
https://tesesesumulas.com.br/tese/stf/832,2,335,0.6%,8.78
https://tesesesumulas.com.br/tese/stj/1659209,2,317,0.63%,8.68
https://tesesesumulas.com.br/tema/imposto-de-transmissao-causa-mortis-e-doacao-itcmd,2,308,0.65%,9.62
https://tesesesumulas.com.br/tese/stj/869,2,304,0.66%,9.23
https://tesesesumulas.com.br/tese/stj/1602051,2,302,0.66%,12.42
https://tesesesumulas.com.br/tese/stf/165,2,289,0.69%,9.64
https://tesesesumulas.com.br/tese/stj/1532482,2,278,0.72%,7.54
https://tesesesumulas.com.br/tese/stj/638,2,273,0.73%,8.88
https://tesesesumulas.com.br/tese/stj/123716,2,268,0.75%,9.2
https://tesesesumulas.com.br/tema/abandono-de-emprego,2,266,0.75%,17.56
https://tesesesumulas.com.br/tese/stj/479,2,256,0.78%,9.77
https://tesesesumulas.com.br/tese/stj/1113498,2,251,0.8%,8.73
https://tesesesumulas.com.br/tema/prescricao-penal,2,251,0.8%,49.29
https://tesesesumulas.com.br/tese/stf/824,2,249,0.8%,10.35
https://tesesesumulas.com.br/tese/stj/1672879,2,245,0.82%,9.45
https://tesesesumulas.com.br/tese/stf/405,2,241,0.83%,7.86
https://tesesesumulas.com.br/tese/stj/725,2,216,0.93%,10.61
https://tesesesumulas.com.br/tese/stj/50454,2,215,0.93%,8.72
https://tesesesumulas.com.br/tema/militar,2,211,0.95%,11.67
https://tesesesumulas.com.br/tese/stj/1645749,2,209,0.96%,7.89
https://tesesesumulas.com.br/tese/stj/1652447,2,208,0.96%,9.97
https://tesesesumulas.com.br/tese/stf/890,2,206,0.97%,7.99
https://tesesesumulas.com.br/tema/fies,2,200,1%,7.88
https://tesesesumulas.com.br/tese/stf/739,2,199,1.01%,9.51
https://tesesesumulas.com.br/tese/stj/269,2,198,1.01%,10.25
https://tesesesumulas.com.br/tese/stf/859,2,194,1.03%,11.27
https://tesesesumulas.com.br/tese/stj/1499665,2,193,1.04%,10.34
https://tesesesumulas.com.br/tese/stf/819,2,191,1.05%,9.39
https://tesesesumulas.com.br/tese/stj/1672873,2,190,1.05%,6.9
https://tesesesumulas.com.br/tese/stj/198,2,183,1.09%,8.35
https://tesesesumulas.com.br/tese/stj/1456347,2,183,1.09%,8.92
https://tesesesumulas.com.br/tese/stf/537,2,166,1.2%,8.38
https://tesesesumulas.com.br/tese/stj/903,2,165,1.21%,8.76
https://tesesesumulas.com.br/tese/stj/545,2,161,1.24%,8.55
https://tesesesumulas.com.br/tese/stf/31160,2,160,1.25%,6.5
https://tesesesumulas.com.br/tema/ferias,2,158,1.27%,10.42
https://tesesesumulas.com.br/tese/stj/473,2,156,1.28%,8.15
https://tesesesumulas.com.br/tese/stj/12774,2,156,1.28%,10.49
https://tesesesumulas.com.br/tese/stj/243,2,151,1.32%,11.4
https://tesesesumulas.com.br/tese/stf/853,2,150,1.33%,10.57
https://tesesesumulas.com.br/tese/stf/113,2,148,1.35%,7.94
https://tesesesumulas.com.br/tese/stj/1643524,2,147,1.36%,6.49
https://tesesesumulas.com.br/tese/stf/26456,2,147,1.36%,10.13
https://tesesesumulas.com.br/tese/stf/769,2,146,1.37%,8.14
https://tesesesumulas.com.br/tese/stj/1693774,2,146,1.37%,10.99
https://tesesesumulas.com.br/tese/stf/597,2,143,1.4%,19.92
https://tesesesumulas.com.br/tema/transito-em-julgado,2,142,1.41%,26.02
https://tesesesumulas.com.br/tese/stf/862,2,141,1.42%,9.6
https://tesesesumulas.com.br/tema/processo-administrativo,2,135,1.48%,12.95
https://tesesesumulas.com.br/tese/stj/1033,2,135,1.48%,13.33
https://tesesesumulas.com.br/tese/stj/870,2,128,1.56%,9.2
https://tesesesumulas.com.br/tese/stj/662,2,121,1.65%,8.58
https://tesesesumulas.com.br/tema/aposentadoria-por-invalidez,2,118,1.69%,9.33
https://tesesesumulas.com.br/tese/stj/588,2,108,1.85%,9.69
https://tesesesumulas.com.br/tese/stf/108,2,107,1.87%,11.82
https://tesesesumulas.com.br/sumula/stf/218,2,105,1.9%,4.99
https://tesesesumulas.com.br/tema/penso,2,105,1.9%,9.12
https://tesesesumulas.com.br/tese/stj/1568025,2,100,2%,8.42
https://tesesesumulas.com.br/tese/stf/509,2,98,2.04%,9.84
https://tesesesumulas.com.br/tese/stj/1597753,2,97,2.06%,8.15
https://tesesesumulas.com.br/tese/stj/1668299,2,97,2.06%,11.91
https://tesesesumulas.com.br/tema/direito-adquirido,2,94,2.13%,40.6
https://tesesesumulas.com.br/tese/stj/654,2,93,2.15%,6.05
https://tesesesumulas.com.br/tema/enriquecimento-ilicito,2,86,2.33%,9
https://tesesesumulas.com.br/tema/precatrios,2,86,2.33%,9.15
https://tesesesumulas.com.br/tese/stf/846,2,85,2.35%,9.54
https://tesesesumulas.com.br/tese/stf/885,2,84,2.38%,18.37
https://tesesesumulas.com.br/tese/stf/770,2,80,2.5%,17.09
https://tesesesumulas.com.br/tese/stj/332,2,79,2.53%,8.13
https://tesesesumulas.com.br/tese/stj/550,2,78,2.56%,8.55
https://tesesesumulas.com.br/sumula/stf/190,2,76,2.63%,18.78
https://tesesesumulas.com.br/tese/stf/90,2,72,2.78%,8.25
https://tesesesumulas.com.br/tese/stj/641,2,68,2.94%,7.68
https://tesesesumulas.com.br/tema/educao,2,67,2.99%,9.82
https://tesesesumulas.com.br/sumula/tst/426,2,66,3.03%,13.95
https://tesesesumulas.com.br/tese/stj/243000,2,65,3.08%,9.2
https://tesesesumulas.com.br/tese/stj/687,2,62,3.23%,10.97
https://tesesesumulas.com.br/tese/stj/304,2,61,3.28%,5.46
https://tesesesumulas.com.br/tema/direitos-humanos,2,61,3.28%,8.62
https://tesesesumulas.com.br/tema/imunidade-dos-correios,2,61,3.28%,11.38
https://tesesesumulas.com.br/tema/decadencia,2,59,3.39%,9.73
https://tesesesumulas.com.br/tese/stj/1593468,2,55,3.64%,10.05
https://tesesesumulas.com.br/tese/stj/612,2,54,3.7%,6.46
https://tesesesumulas.com.br/tema/importao,2,54,3.7%,9.33
https://tesesesumulas.com.br/sumula/stf/537,2,53,3.77%,8.08
https://tesesesumulas.com.br/tema/transporte-contrato,2,52,3.85%,10.25
https://tesesesumulas.com.br/tema/estelionato,2,50,4%,16.98
https://tesesesumulas.com.br/tema/citacao,2,49,4.08%,7.41
https://tesesesumulas.com.br/tese/stf/288,2,49,4.08%,9
https://tesesesumulas.com.br/tese/stf/33059,2,48,4.17%,6.77
https://tesesesumulas.com.br/tese/stf/642,2,48,4.17%,11.92
https://tesesesumulas.com.br/tese/stj/24,2,47,4.26%,8.51
https://tesesesumulas.com.br/tema/negcio-jurdico,2,44,4.55%,6.36
https://tesesesumulas.com.br/tese/stj/606,2,43,4.65%,7.53
https://tesesesumulas.com.br/tema/lei-do-idoso,2,42,4.76%,10.88
https://tesesesumulas.com.br/tema/domicilio,2,42,4.76%,11.52
https://tesesesumulas.com.br/tema/falsa-identidade,2,42,4.76%,14.17
https://tesesesumulas.com.br/tese/stf/840,2,41,4.88%,8.32
https://tesesesumulas.com.br/tese/stf/830,2,39,5.13%,11.26
https://tesesesumulas.com.br/tese/stj/203292,2,37,5.41%,4.95
https://tesesesumulas.com.br/tese/stf/893,2,37,5.41%,9.62
https://tesesesumulas.com.br/tema/crimes-contra-a-administrao-pblica,2,36,5.56%,8.36
https://tesesesumulas.com.br/tema/autarquias,2,34,5.88%,10.97
https://tesesesumulas.com.br/tema/tribunal-de-contas,2,31,6.45%,11.71
https://tesesesumulas.com.br/sumula/tst/436,2,23,8.7%,7.22
https://tesesesumulas.com.br/tema/pensao-alimenticia,2,23,8.7%,7.91
https://tesesesumulas.com.br/tema/sociedade-anonima,2,22,9.09%,12.27
https://tesesesumulas.com.br/tese/stj/1441497,2,22,9.09%,18.18
https://tesesesumulas.com.br/tema/repetio-de-indbito-liquidao,2,20,10%,8.35
https://tesesesumulas.com.br/tema/agu,2,20,10%,10.8
https://tesesesumulas.com.br/tema/aids-hiv,2,17,11.76%,7.76
https://tesesesumulas.com.br/sumula/stj/383,2,16,12.5%,9.38
https://tesesesumulas.com.br/tema/interceptacao-telefonica,2,15,13.33%,8.33
https://tesesesumulas.com.br/tema/direito-sucessrio,2,14,14.29%,7.71
https://tesesesumulas.com.br/tema/herana,2,13,15.38%,11.23
https://tesesesumulas.com.br/tema/crime-ambiental,2,12,16.67%,15.5
https://tesesesumulas.com.br/tese/stf/604,2,11,18.18%,9.27
https://tesesesumulas.com.br/tema/organizao-criminosa,2,3,66.67%,6
https://tesesesumulas.com.br/tema/cedula-de-credito,1,1234,0.08%,80.03
https://tesesesumulas.com.br/sumulas/stf,1,941,0.11%,24.53
https://tesesesumulas.com.br/sumula/stf/335,1,938,0.11%,10.64
https://tesesesumulas.com.br/sumula/stf/70,1,924,0.11%,11.29
https://tesesesumulas.com.br/tese/stj/1277836,1,747,0.13%,10.31
https://tesesesumulas.com.br/sumulas/stj,1,627,0.16%,23.85
https://tesesesumulas.com.br/tese/stf/5485,1,600,0.17%,8.02
https://tesesesumulas.com.br/tese/stj/532,1,568,0.18%,9.68
https://tesesesumulas.com.br/tese/stf/5487,1,541,0.18%,13.55
https://tesesesumulas.com.br/sumula/tst/123,1,521,0.19%,10.88
https://tesesesumulas.com.br/tema/terco-constitucional-de-ferias,1,497,0.2%,13.93
https://tesesesumulas.com.br/tese/stj/620,1,469,0.21%,10.12
https://tesesesumulas.com.br/sumula/stj/37,1,466,0.21%,8.87
https://tesesesumulas.com.br/sumula/stf/556,1,381,0.26%,10.19
https://tesesesumulas.com.br/tese/stj/37814,1,359,0.28%,11.18
https://tesesesumulas.com.br/tese/stj/699,1,351,0.28%,8.5
https://tesesesumulas.com.br/tema/negativa-de-prestao-jurisdicional,1,343,0.29%,11.18
https://tesesesumulas.com.br/tese/stj/959,1,341,0.29%,9.77
https://tesesesumulas.com.br/sumula/tst/507,1,334,0.3%,3.48
https://tesesesumulas.com.br/tese/stj/1689118,1,329,0.3%,9.1
https://tesesesumulas.com.br/tese/stj/566,1,324,0.31%,6.98
https://tesesesumulas.com.br/tese/stf/912,1,321,0.31%,5.88
https://tesesesumulas.com.br/tese/stj/1532500,1,308,0.32%,9.61
https://tesesesumulas.com.br/tema/anterioridade,1,307,0.33%,36.64
https://tesesesumulas.com.br/tese/stf/293,1,290,0.34%,8.21
https://tesesesumulas.com.br/tese/stj/20249,1,289,0.35%,7.04
https://tesesesumulas.com.br/sumula/stf/565,1,285,0.35%,8.21
https://tesesesumulas.com.br/tema/redibitorio,1,266,0.38%,13.24
https://tesesesumulas.com.br/tese/stj/256911,1,264,0.38%,10.49
https://tesesesumulas.com.br/tema/contrato,1,259,0.39%,8.66
https://tesesesumulas.com.br/tese/stf/860,1,259,0.39%,14.19
https://tesesesumulas.com.br/tese/stj/99,1,242,0.41%,10.3
https://tesesesumulas.com.br/tese/stj/1672881,1,236,0.42%,8.43
https://tesesesumulas.com.br/tema/execucao-penal,1,232,0.43%,14.5
https://tesesesumulas.com.br/sumula/stf/237,1,230,0.43%,14.56
https://tesesesumulas.com.br/tese/stj/945,1,227,0.44%,9.31
https://tesesesumulas.com.br/tese/stf/13,1,222,0.45%,9.03
https://tesesesumulas.com.br/tese/stj/614,1,221,0.45%,11.51
https://tesesesumulas.com.br/tema/sociedade-de-economia-mista,1,221,0.45%,17.26
https://tesesesumulas.com.br/tese/stj/1572244,1,217,0.46%,8.44
https://tesesesumulas.com.br/tese/stj/123,1,206,0.49%,7.42
https://tesesesumulas.com.br/tema/subsidiria,1,205,0.49%,10.58
https://tesesesumulas.com.br/tema/confissao,1,203,0.49%,19.09
https://tesesesumulas.com.br/tema/isonomia,1,202,0.5%,10.55
https://tesesesumulas.com.br/tema/correcao-monetaria,1,202,0.5%,14.34
https://tesesesumulas.com.br/tese/stf/297,1,200,0.5%,9.72
https://tesesesumulas.com.br/tese/stj/1696115,1,196,0.51%,7.69
https://tesesesumulas.com.br/tese/stj/570,1,195,0.51%,7.96
https://tesesesumulas.com.br/sumula/stf/392,1,188,0.53%,8.24
https://tesesesumulas.com.br/tema/agravo-interno,1,187,0.53%,54.03
https://tesesesumulas.com.br/tese/stj/564,1,186,0.54%,9.42
https://tesesesumulas.com.br/tese/stj/1032,1,183,0.55%,11.05
https://tesesesumulas.com.br/tese/stj/1677505,1,180,0.56%,9.73
https://tesesesumulas.com.br/sumula/stf/150,1,179,0.56%,12.8
https://tesesesumulas.com.br/tese/stf/857,1,178,0.56%,7.75
https://tesesesumulas.com.br/sumula/stj/18,1,177,0.56%,8.68
https://tesesesumulas.com.br/sumula/tnu/77,1,177,0.56%,10.25
https://tesesesumulas.com.br/tese/stj/256917,1,176,0.57%,26.81
https://tesesesumulas.com.br/tese/stj/968,1,174,0.57%,11.01
https://tesesesumulas.com.br/tese/stf/717,1,173,0.58%,9.55
https://tesesesumulas.com.br/tema/selic,1,171,0.58%,7.2
https://tesesesumulas.com.br/sumula/tnu/62,1,170,0.59%,10.02
https://tesesesumulas.com.br/tese/stj/1427806,1,170,0.59%,11.65
https://tesesesumulas.com.br/tese/stj/408,1,168,0.6%,10.78
https://tesesesumulas.com.br/tese/stf/836,1,164,0.61%,8.08
https://tesesesumulas.com.br/tese/stj/1277823,1,164,0.61%,10.56
https://tesesesumulas.com.br/tema/licena-premio,1,163,0.61%,10.98
https://tesesesumulas.com.br/tese/stj/20258,1,163,0.61%,11.36
https://tesesesumulas.com.br/tese/stf/132,1,161,0.62%,7.36
https://tesesesumulas.com.br/tese/stj/20271,1,160,0.62%,9.3
https://tesesesumulas.com.br/tese/stf/827,1,159,0.63%,5.92
https://tesesesumulas.com.br/sumula/stj/130,1,158,0.63%,26.47
https://tesesesumulas.com.br/tese/stj/516,1,152,0.66%,7.11
https://tesesesumulas.com.br/tese/stf/628,1,152,0.66%,8.91
https://tesesesumulas.com.br/tese/stf/811,1,150,0.67%,8.39
https://tesesesumulas.com.br/tese/stj/924,1,148,0.68%,7.21
https://tesesesumulas.com.br/tese/stj/375,1,147,0.68%,13.01
https://tesesesumulas.com.br/tese/stf/809,1,141,0.71%,8.31
https://tesesesumulas.com.br/sumula/stj/39,1,139,0.72%,6.94
https://tesesesumulas.com.br/tese/stj/1475380,1,138,0.72%,14.04
https://tesesesumulas.com.br/tema/gratificacao,1,136,0.74%,11.47
https://tesesesumulas.com.br/sumula/stj/196,1,136,0.74%,13.72
https://tesesesumulas.com.br/tema/citao-por-edital,1,133,0.75%,20.83
https://tesesesumulas.com.br/tese/stf/109,1,132,0.76%,8.89
https://tesesesumulas.com.br/tese/stj/20263,1,131,0.76%,12.25
https://tesesesumulas.com.br/tese/stj/250,1,130,0.77%,7.35
https://tesesesumulas.com.br/tese/stf/492,1,130,0.77%,9.52
https://tesesesumulas.com.br/tese/stj/915,1,129,0.78%,6.94
https://tesesesumulas.com.br/sumula/stj/479,1,129,0.78%,13.66
https://tesesesumulas.com.br/tese/stj/1632484,1,128,0.78%,9.55
https://tesesesumulas.com.br/tema/consumidor,1,127,0.79%,7.69
https://tesesesumulas.com.br/tema/astreintes,1,125,0.8%,34.44
https://tesesesumulas.com.br/tema/progressao-de-regime,1,124,0.81%,21.08
https://tesesesumulas.com.br/tese/stj/1652445,1,123,0.81%,8.11
https://tesesesumulas.com.br/tema/juros,1,123,0.81%,12.83
https://tesesesumulas.com.br/tese/stf/600,1,121,0.83%,17.66
https://tesesesumulas.com.br/tese/stf/865,1,120,0.83%,7.67
https://tesesesumulas.com.br/tese/stj/682090,1,120,0.83%,11.61
https://tesesesumulas.com.br/sumula/tst/380,1,120,0.83%,12.65
https://tesesesumulas.com.br/tese/stj/290,1,120,0.83%,13.45
https://tesesesumulas.com.br/tema/denuncia-espontnea,1,120,0.83%,23.73
https://tesesesumulas.com.br/tese/stf/891,1,119,0.84%,6.36
https://tesesesumulas.com.br/tese/stj/621,1,119,0.84%,8.77
https://tesesesumulas.com.br/tese/stf/332,1,118,0.85%,9.26
https://tesesesumulas.com.br/sumula/stf/595,1,117,0.85%,11.38
https://tesesesumulas.com.br/tese/stf/570,1,117,0.85%,26.93
https://tesesesumulas.com.br/tese/stj/527,1,116,0.86%,7.09
https://tesesesumulas.com.br/tese/stj/741,1,115,0.87%,7.6
https://tesesesumulas.com.br/sumula/stj/167,1,115,0.87%,8.23
https://tesesesumulas.com.br/tese/stj/539,1,115,0.87%,12.34
https://tesesesumulas.com.br/tese/stf/694,1,114,0.88%,9.73
https://tesesesumulas.com.br/sumula/tst/59,1,114,0.88%,9.74
https://tesesesumulas.com.br/sumula/stf/118,1,114,0.88%,20.05
https://tesesesumulas.com.br/tese/stf/422,1,114,0.88%,24.11
https://tesesesumulas.com.br/tese/stj/1056,1,112,0.89%,8.96
https://tesesesumulas.com.br/sumula/tst/355,1,112,0.89%,9.23
https://tesesesumulas.com.br/tema/irredutibilidade-de-vencimentos,1,111,0.9%,24.47
https://tesesesumulas.com.br/tese/stj/933,1,109,0.92%,6.64
https://tesesesumulas.com.br/sumula/stf/241,1,107,0.93%,9.48
https://tesesesumulas.com.br/tema/anatocismo,1,107,0.93%,19.02
https://tesesesumulas.com.br/tese/stj/1009,1,107,0.93%,23.8
https://tesesesumulas.com.br/sumula/stj/159,1,103,0.97%,8.28
https://tesesesumulas.com.br/tema/acao-rescisoria,1,103,0.97%,8.75
https://tesesesumulas.com.br/tema/fgts,1,101,0.99%,10.4
https://tesesesumulas.com.br/tese/stj/902,1,100,1%,6.64
https://tesesesumulas.com.br/sumula/stf/621,1,99,1.01%,11.71
https://tesesesumulas.com.br/tese/stf/83,1,99,1.01%,17.84
https://tesesesumulas.com.br/tese/stj/50448,1,98,1.02%,10.4
https://tesesesumulas.com.br/sumula/stf/191,1,98,1.02%,19.23
https://tesesesumulas.com.br/sumula/stf/274,1,97,1.03%,5.09
https://tesesesumulas.com.br/tese/stf/775,1,95,1.05%,17.97
https://tesesesumulas.com.br/tema/cda,1,95,1.05%,26.89
https://tesesesumulas.com.br/sumula/tst/269,1,94,1.06%,9.27
https://tesesesumulas.com.br/sumula/tst/447,1,94,1.06%,11.6
https://tesesesumulas.com.br/tese/stf/127,1,94,1.06%,22.73
https://tesesesumulas.com.br/tese/stj/338,1,93,1.08%,7.97
https://tesesesumulas.com.br/tese/stj/1617187,1,92,1.09%,8.26
https://tesesesumulas.com.br/sumula/stj/73,1,91,1.1%,9.23
https://tesesesumulas.com.br/tese/stj/144,1,90,1.11%,10.66
https://tesesesumulas.com.br/tese/stj/478,1,90,1.11%,12.4
https://tesesesumulas.com.br/tese/stj/926,1,89,1.12%,8.56
https://tesesesumulas.com.br/sumula/stj/132,1,88,1.14%,15.9
https://tesesesumulas.com.br/tema/responsabilidade-tributaria,1,88,1.14%,60.2
https://tesesesumulas.com.br/tese/stj/1113493,1,87,1.15%,8.91
https://tesesesumulas.com.br/tese/stj/22,1,87,1.15%,9.95
https://tesesesumulas.com.br/sumula/tst/365,1,86,1.16%,10.02
https://tesesesumulas.com.br/tema/nota-promissria,1,86,1.16%,16.28
https://tesesesumulas.com.br/tema/execucao-fiscal-embargos,1,86,1.16%,34.48
https://tesesesumulas.com.br/tese/stf/20,1,84,1.19%,12.49
https://tesesesumulas.com.br/tese/stj/246476,1,83,1.2%,6.6
https://tesesesumulas.com.br/tema/prova-de-atividade-rural,1,83,1.2%,16.11
https://tesesesumulas.com.br/tese/stj/643,1,82,1.22%,9.67
https://tesesesumulas.com.br/tese/stf/8240,1,82,1.22%,10.44
https://tesesesumulas.com.br/sumula/stj/165,1,82,1.22%,10.63
https://tesesesumulas.com.br/tese/stj/219,1,81,1.23%,7.77
https://tesesesumulas.com.br/tese/stj/252,1,81,1.23%,8.36
https://tesesesumulas.com.br/tese/stj/455510,1,81,1.23%,8.52
https://tesesesumulas.com.br/tese/stj/998,1,81,1.23%,18.68
https://tesesesumulas.com.br/tema/deficiencia,1,80,1.25%,8.69
https://tesesesumulas.com.br/tema/presuncao-de-inocencia,1,80,1.25%,17.34
https://tesesesumulas.com.br/tese/stf/784,1,80,1.25%,23.18
https://tesesesumulas.com.br/tese/stj/327296,1,76,1.32%,8.72
https://tesesesumulas.com.br/tese/stj/894,1,74,1.35%,6.05
https://tesesesumulas.com.br/tese/stf/129,1,73,1.37%,29.86
https://tesesesumulas.com.br/sumula/tst/325,1,72,1.39%,9.06
https://tesesesumulas.com.br/tese/stf/690,1,72,1.39%,11.54
https://tesesesumulas.com.br/tese/stj/929,1,72,1.39%,26.49
https://tesesesumulas.com.br/tese/stj/29,1,71,1.41%,7.99
https://tesesesumulas.com.br/tese/stj/1061,1,71,1.41%,9.11
https://tesesesumulas.com.br/tese/stj/1060,1,71,1.41%,9.17
https://tesesesumulas.com.br/tese/stj/487,1,71,1.41%,11.3
https://tesesesumulas.com.br/tese/stj/947,1,70,1.43%,5.83
https://tesesesumulas.com.br/tese/stj/419,1,70,1.43%,6.87
https://tesesesumulas.com.br/tese/stj/270,1,70,1.43%,9.69
https://tesesesumulas.com.br/tema/usurpao-de-funo-pblica,1,70,1.43%,36.4
https://tesesesumulas.com.br/sumula/tst/268,1,69,1.45%,6.38
https://tesesesumulas.com.br/sumula/stj/137,1,69,1.45%,19.12
https://tesesesumulas.com.br/sumula/stf/603,1,67,1.49%,13.12
https://tesesesumulas.com.br/sumula/stj/48,1,66,1.52%,6.94
https://tesesesumulas.com.br/tema/acumulacao-de-cargos,1,65,1.54%,45.2
https://tesesesumulas.com.br/sumula/stj/518,1,64,1.56%,8.58
https://tesesesumulas.com.br/tese/stj/164,1,64,1.56%,10.83
https://tesesesumulas.com.br/tese/stj/1,1,64,1.56%,11.3
https://tesesesumulas.com.br/tese/stj/627,1,64,1.56%,11.73
https://tesesesumulas.com.br/sumula/stf/3568,1,64,1.56%,27.05
https://tesesesumulas.com.br/tese/stj/910,1,62,1.61%,6.58
https://tesesesumulas.com.br/tese/stj/525,1,62,1.61%,11.69
https://tesesesumulas.com.br/tema/servidor-publico-federal,1,61,1.64%,9.82
https://tesesesumulas.com.br/tese/stj/1191460,1,61,1.64%,25.36
https://tesesesumulas.com.br/sumula/tst/185,1,61,1.64%,25.9
https://tesesesumulas.com.br/tese/stj/341,1,60,1.67%,8.42
https://tesesesumulas.com.br/sumula/stj/613,1,60,1.67%,8.65
https://tesesesumulas.com.br/tese/stj/1693777,1,60,1.67%,10.08
https://tesesesumulas.com.br/tese/stj/1705485,1,59,1.69%,7.19
https://tesesesumulas.com.br/tese/stf/687,1,59,1.69%,23.51
https://tesesesumulas.com.br/tema/ministerio-publico,1,58,1.72%,7.1
https://tesesesumulas.com.br/tese/stj/1641300,1,58,1.72%,10.09
https://tesesesumulas.com.br/tema/adjudicacao-compulsoria,1,58,1.72%,44.83
https://tesesesumulas.com.br/tese/stj/154,1,57,1.75%,7.09
https://tesesesumulas.com.br/tema/imunidade-de-jurisdicao,1,57,1.75%,8.88
https://tesesesumulas.com.br/tema/direito-processual-penal,1,57,1.75%,17.25
https://tesesesumulas.com.br/tese/stj/879,1,57,1.75%,20.54
https://tesesesumulas.com.br/tese/stj/705,1,56,1.79%,5.95
https://tesesesumulas.com.br/tese/stj/155,1,56,1.79%,6.18
https://tesesesumulas.com.br/tese/stf/183,1,56,1.79%,9.45
https://tesesesumulas.com.br/sumula/stf/341,1,56,1.79%,10.45
https://tesesesumulas.com.br/sumula/tst/315,1,55,1.82%,9.53
https://tesesesumulas.com.br/tese/stj/96974,1,55,1.82%,9.6
https://tesesesumulas.com.br/tese/stj/41,1,55,1.82%,10.18
https://tesesesumulas.com.br/tese/stj/122,1,54,1.85%,9.2
https://tesesesumulas.com.br/tese/stf/821,1,54,1.85%,15.43
https://tesesesumulas.com.br/sumula/stf/419,1,53,1.89%,10.6
https://tesesesumulas.com.br/sumula/tst/109,1,53,1.89%,11.98
https://tesesesumulas.com.br/tema/segurado-especial,1,53,1.89%,13.36
https://tesesesumulas.com.br/tese/stf/192,1,53,1.89%,17.51
https://tesesesumulas.com.br/tese/stj/325,1,52,1.92%,7.02
https://tesesesumulas.com.br/sumula/tst/328,1,52,1.92%,11.21
https://tesesesumulas.com.br/tema/contagem-de-prazo,1,52,1.92%,20.02
https://tesesesumulas.com.br/sumula/stf/17,1,52,1.92%,30.19
https://tesesesumulas.com.br/tese/stj/611,1,51,1.96%,7.04
https://tesesesumulas.com.br/sumula/tst/257,1,51,1.96%,24.98
https://tesesesumulas.com.br/sumula/stf/76,1,50,2%,9.94
https://tesesesumulas.com.br/tese/stj/246,1,50,2%,10
https://tesesesumulas.com.br/tese/stj/655,1,49,2.04%,8.06
https://tesesesumulas.com.br/tese/stj/373,1,49,2.04%,8.35
https://tesesesumulas.com.br/sumula/stf/159,1,49,2.04%,19.1
https://tesesesumulas.com.br/tese/stj/580,1,48,2.08%,5.96
https://tesesesumulas.com.br/tese/stj/30,1,48,2.08%,9.6
https://tesesesumulas.com.br/sumula/stf/22,1,48,2.08%,12.81
https://tesesesumulas.com.br/sumula/tst/277,1,48,2.08%,13.56
https://tesesesumulas.com.br/sumula/stf/553,1,47,2.13%,7.64
https://tesesesumulas.com.br/sumula/stj/162,1,47,2.13%,20.83
https://tesesesumulas.com.br/tese/stj/1408297,1,46,2.17%,9.5
https://tesesesumulas.com.br/tese/stf/524,1,46,2.17%,9.54
https://tesesesumulas.com.br/tema/estagio-probatorio,1,46,2.17%,10.57
https://tesesesumulas.com.br/sumula/stj/161,1,46,2.17%,42.76
https://tesesesumulas.com.br/sumula/stj/517,1,45,2.22%,11
https://tesesesumulas.com.br/sumula/tnu/9,1,44,2.27%,5.55
https://tesesesumulas.com.br/tese/stj/210,1,44,2.27%,7.82
https://tesesesumulas.com.br/sumula/tnu/76,1,44,2.27%,8.89
https://tesesesumulas.com.br/sumula/stj/438,1,44,2.27%,12.7
https://tesesesumulas.com.br/tese/stj/1445452,1,44,2.27%,13.23
https://tesesesumulas.com.br/sumula/stj/295,1,43,2.33%,8.6
https://tesesesumulas.com.br/tese/stj/733,1,43,2.33%,9.79
https://tesesesumulas.com.br/sumula/stf/117,1,43,2.33%,16.51
https://tesesesumulas.com.br/tema/devido-processo-legal,1,43,2.33%,16.56
https://tesesesumulas.com.br/tema/reviso-de-benefcio,1,43,2.33%,23.19
https://tesesesumulas.com.br/sumula/stf/755,1,43,2.33%,26.58
https://tesesesumulas.com.br/tema/contribuio-social,1,42,2.38%,44.24
https://tesesesumulas.com.br/tese/stj/440,1,41,2.44%,7.73
https://tesesesumulas.com.br/tese/stf/673,1,41,2.44%,9.73
https://tesesesumulas.com.br/sumula/tst/242,1,40,2.5%,7
https://tesesesumulas.com.br/tese/stj/451,1,40,2.5%,7.1
https://tesesesumulas.com.br/tese/stj/315,1,40,2.5%,8.3
https://tesesesumulas.com.br/tema/apelacao,1,40,2.5%,11.45
https://tesesesumulas.com.br/tese/stj/124,1,39,2.56%,9.21
https://tesesesumulas.com.br/sumula/tst/164,1,39,2.56%,10.13
https://tesesesumulas.com.br/tese/stj/715,1,39,2.56%,10.23
https://tesesesumulas.com.br/sumula/stj/382,1,39,2.56%,22.44
https://tesesesumulas.com.br/tese/stj/1672872,1,38,2.63%,5.76
https://tesesesumulas.com.br/tese/stj/77,1,38,2.63%,7.21
https://tesesesumulas.com.br/sumula/tst/519,1,37,2.7%,6.59
https://tesesesumulas.com.br/tema/usucapiao-rural,1,37,2.7%,7.84
https://tesesesumulas.com.br/tese/stf/415,1,37,2.7%,8.62
https://tesesesumulas.com.br/tema/comodato,1,37,2.7%,17.19
https://tesesesumulas.com.br/sumula/stj/299,1,36,2.78%,9.36
https://tesesesumulas.com.br/tema/adicional-de-periculosidade,1,36,2.78%,29.58
https://tesesesumulas.com.br/tese/stf/24582,1,35,2.86%,5.91
https://tesesesumulas.com.br/sumula/stf/236,1,35,2.86%,7.8
https://tesesesumulas.com.br/tema/contribuinte-individual,1,35,2.86%,8.66
https://tesesesumulas.com.br/tema/dano-moral,1,35,2.86%,9
https://tesesesumulas.com.br/tese/stf/341,1,35,2.86%,9.49
https://tesesesumulas.com.br/tese/stj/84,1,35,2.86%,9.51
https://tesesesumulas.com.br/sumula/tst/12,1,35,2.86%,21.77
https://tesesesumulas.com.br/sumula/stf/18,1,35,2.86%,25.91
https://tesesesumulas.com.br/tese/stf/3,1,34,2.94%,6.21
https://tesesesumulas.com.br/tema/professor,1,34,2.94%,7.94
https://tesesesumulas.com.br/tese/stj/505,1,34,2.94%,10.71
https://tesesesumulas.com.br/tema/bem-de-familia,1,34,2.94%,10.85
https://tesesesumulas.com.br/tema/aposentadoria-especial,1,34,2.94%,10.94
https://tesesesumulas.com.br/tema/incapacidade-permanente,1,33,3.03%,7.55
https://tesesesumulas.com.br/sumula/tnu/19,1,33,3.03%,8.85
https://tesesesumulas.com.br/sumula/tnu/47,1,33,3.03%,9.03
https://tesesesumulas.com.br/sumula/stj/220,1,33,3.03%,12.76
https://tesesesumulas.com.br/tese/stf/55,1,33,3.03%,58.12
https://tesesesumulas.com.br/tema/domingos-e-feriados,1,32,3.12%,9.31
https://tesesesumulas.com.br/tese/stj/457,1,32,3.12%,9.78
https://tesesesumulas.com.br/tema/recebimento-da-denncia,1,32,3.12%,9.97
https://tesesesumulas.com.br/tema/exceo-de-pr-executividade,1,32,3.12%,14.75
https://tesesesumulas.com.br/tese/stj/110,1,32,3.12%,15.94
https://tesesesumulas.com.br/sumula/stf/700,1,32,3.12%,22.91
https://tesesesumulas.com.br/sumula/stj/183,1,31,3.23%,6.97
https://tesesesumulas.com.br/tese/stj/412,1,31,3.23%,7.03
https://tesesesumulas.com.br/tese/stj/735,1,31,3.23%,13.45
https://tesesesumulas.com.br/sumula/stf/161,1,31,3.23%,14.55
https://tesesesumulas.com.br/sumula/tst/403,1,31,3.23%,27.16
https://tesesesumulas.com.br/tema/direito-de-familia,1,30,3.33%,6.3
https://tesesesumulas.com.br/tese/stj/969,1,30,3.33%,9.77
https://tesesesumulas.com.br/tese/stj/896,1,30,3.33%,16.47
https://tesesesumulas.com.br/tema/falta-grave,1,30,3.33%,18.6
https://tesesesumulas.com.br/sumula/tst/200,1,30,3.33%,42.07
https://tesesesumulas.com.br/tese/stj/359,1,29,3.45%,3.62
https://tesesesumulas.com.br/tese/stf/166,1,29,3.45%,8.52
https://tesesesumulas.com.br/tema/servios-pblicos,1,29,3.45%,10.41
https://tesesesumulas.com.br/tese/stf/203,1,29,3.45%,13.38
https://tesesesumulas.com.br/tese/stj/1619359,1,29,3.45%,14.52
https://tesesesumulas.com.br/tema/audincia-de-conciliao,1,29,3.45%,18
https://tesesesumulas.com.br/tema/inpi,1,28,3.57%,6.96
https://tesesesumulas.com.br/tese/stj/544,1,28,3.57%,8.11
https://tesesesumulas.com.br/tese/stf/543,1,28,3.57%,8.75
https://tesesesumulas.com.br/sumula/stf/574,1,28,3.57%,9.25
https://tesesesumulas.com.br/sumula/stf/216,1,28,3.57%,10.04
https://tesesesumulas.com.br/tema/renncia-tcita,1,28,3.57%,20.11
https://tesesesumulas.com.br/tema/comissao-de-corretagem,1,28,3.57%,20.68
https://tesesesumulas.com.br/sumula/tst/330,1,27,3.7%,5.59
https://tesesesumulas.com.br/tema/acao-reivindicatoria,1,27,3.7%,11.04
https://tesesesumulas.com.br/tema/tratorista,1,27,3.7%,17.96
https://tesesesumulas.com.br/sumula/stf/44,1,27,3.7%,34.52
https://tesesesumulas.com.br/tema/imposto-sobre-operaes-financeiras,1,26,3.85%,5.42
https://tesesesumulas.com.br/tese/stj/377008,1,26,3.85%,11.62
https://tesesesumulas.com.br/sumula/stf/391,1,26,3.85%,17.46
https://tesesesumulas.com.br/sumula/stj/92,1,25,4%,7.56
https://tesesesumulas.com.br/sumula/tst/266,1,25,4%,8.04
https://tesesesumulas.com.br/tema/juizado-especial-criminal,1,25,4%,8.44
https://tesesesumulas.com.br/sumula/tst/27,1,25,4%,15
https://tesesesumulas.com.br/sumula/stj/89,1,25,4%,16.56
https://tesesesumulas.com.br/tema/juizado-especial-da-fazenda-publica,1,25,4%,20.32
https://tesesesumulas.com.br/tese/stf/28336,1,24,4.17%,4.79
https://tesesesumulas.com.br/tema/iof,1,24,4.17%,7.5
https://tesesesumulas.com.br/tese/stf/852,1,23,4.35%,7.65
https://tesesesumulas.com.br/tese/stj/155645,1,23,4.35%,8.87
https://tesesesumulas.com.br/tese/stj/1037,1,23,4.35%,9.22
https://tesesesumulas.com.br/tema/coao,1,23,4.35%,37.09
https://tesesesumulas.com.br/tese/stf/803,1,22,4.55%,7.41
https://tesesesumulas.com.br/tese/stf/112,1,22,4.55%,7.77
https://tesesesumulas.com.br/tese/stj/28,1,22,4.55%,15.5
https://tesesesumulas.com.br/tema/detracao-penal,1,22,4.55%,26.5
https://tesesesumulas.com.br/tema/titulo-extrajudicial,1,22,4.55%,33.09
https://tesesesumulas.com.br/tema/possuidor,1,21,4.76%,1.48
https://tesesesumulas.com.br/tema/requerimento-administrativo,1,21,4.76%,7.62
https://tesesesumulas.com.br/tema/trabalho-escravo,1,21,4.76%,7.62
https://tesesesumulas.com.br/tese/stj/1650199,1,21,4.76%,8.05
https://tesesesumulas.com.br/tema/pericia-medica,1,21,4.76%,8.24
https://tesesesumulas.com.br/tema/violncia-contra-a-mulher,1,21,4.76%,8.38
https://tesesesumulas.com.br/tema/jurisprudncia,1,21,4.76%,8.57
https://tesesesumulas.com.br/sumula/stj/616,1,21,4.76%,9.81
https://tesesesumulas.com.br/sumula/stj/403,1,21,4.76%,13.24
https://tesesesumulas.com.br/tema/imposto-sobre-transmisso-inter-vivos,1,21,4.76%,17.86
https://tesesesumulas.com.br/tema/interveno-federal,1,21,4.76%,19.29
https://tesesesumulas.com.br/tese/stf/463,1,20,5%,8.7
https://tesesesumulas.com.br/tema/benfeitorias,1,20,5%,19.5
https://tesesesumulas.com.br/tese/stj/216,1,19,5.26%,4.53
https://tesesesumulas.com.br/tema/contrato-administrativo,1,19,5.26%,6.53
https://tesesesumulas.com.br/tema/litisconsorcio,1,19,5.26%,6.63
https://tesesesumulas.com.br/tema/taxa,1,19,5.26%,7.74
https://tesesesumulas.com.br/tese/stf/186,1,19,5.26%,11.84
https://tesesesumulas.com.br/tese/stj/20262,1,19,5.26%,17.11
https://tesesesumulas.com.br/tema/sucessao-empresarial,1,19,5.26%,22.37
https://tesesesumulas.com.br/tema/sucesses,1,18,5.56%,6.67
https://tesesesumulas.com.br/tema/fornecimento-de-medicamento,1,18,5.56%,7.17
https://tesesesumulas.com.br/tema/multiparentalidade,1,18,5.56%,9.72
https://tesesesumulas.com.br/tese/stj/983,1,18,5.56%,9.78
https://tesesesumulas.com.br/tema/imposto-de-renda-retido-na-fonte,1,18,5.56%,11.89
https://tesesesumulas.com.br/tema/empregado-publico,1,18,5.56%,12.17
https://tesesesumulas.com.br/sumula/stj/30317,1,18,5.56%,39.22
https://tesesesumulas.com.br/tese/stf/24,1,17,5.88%,7.71
https://tesesesumulas.com.br/tema/contribuies-previdencirias,1,17,5.88%,7.82
https://tesesesumulas.com.br/tese/stj/60,1,17,5.88%,7.94
https://tesesesumulas.com.br/tema/imposto-sobre-exportao,1,17,5.88%,8.53
https://tesesesumulas.com.br/sumula/stj/528,1,17,5.88%,9
https://tesesesumulas.com.br/tema/leilo,1,17,5.88%,9.88
https://tesesesumulas.com.br/tese/stj/1693770,1,17,5.88%,14.94
https://tesesesumulas.com.br/tema/pericia-grafotecnica,1,16,6.25%,6.81
https://tesesesumulas.com.br/tema/resgate-previdencia-privada-isencao-imposto-renda,1,16,6.25%,7.62
https://tesesesumulas.com.br/sumula/stj/221,1,16,6.25%,8
https://tesesesumulas.com.br/sumula/tst/116,1,16,6.25%,9.25
https://tesesesumulas.com.br/sumula/stf/163,1,16,6.25%,9.5
https://tesesesumulas.com.br/tese/stf/591,1,16,6.25%,11.31
https://tesesesumulas.com.br/tese/stj/1481435,1,15,6.67%,5.6
https://tesesesumulas.com.br/tese/stj/317,1,15,6.67%,7.87
https://tesesesumulas.com.br/tema/crime-de-dano,1,15,6.67%,12.07
https://tesesesumulas.com.br/tema/direito-das-coisas,1,14,7.14%,9
https://tesesesumulas.com.br/tese/stf/773,1,13,7.69%,9.92
https://tesesesumulas.com.br/tese/stj/1050,1,13,7.69%,10.31
https://tesesesumulas.com.br/tese/stf/902,1,13,7.69%,11.08
https://tesesesumulas.com.br/sumula/stf/328,1,13,7.69%,11.15
https://tesesesumulas.com.br/tema/interdicao,1,12,8.33%,6.25
https://tesesesumulas.com.br/tema/contrato-de-prestao-de-servios,1,12,8.33%,7
https://tesesesumulas.com.br/tese/stf/275,1,12,8.33%,7.5
https://tesesesumulas.com.br/tese/stj/553,1,12,8.33%,8
https://tesesesumulas.com.br/tema/procuradoria,1,12,8.33%,8.83
https://tesesesumulas.com.br/tema/parentalidade,1,12,8.33%,9.25
https://tesesesumulas.com.br/sumula/stf/566,1,12,8.33%,9.58
https://tesesesumulas.com.br/tema/recurso-em-sentido-estrito,1,12,8.33%,12.33
https://tesesesumulas.com.br/tese/stf/57,1,12,8.33%,15.33
https://tesesesumulas.com.br/tema/preclusao,1,12,8.33%,23.25
https://tesesesumulas.com.br/tema/reparao-de-danos,1,11,9.09%,5
https://tesesesumulas.com.br/tema/crimes-contra-a-vida,1,11,9.09%,6.27
https://tesesesumulas.com.br/sumula/tst/233,1,11,9.09%,7.27
https://tesesesumulas.com.br/tese/stf/726,1,11,9.09%,9.27
https://tesesesumulas.com.br/tese/stj/153,1,10,10%,6.1
https://tesesesumulas.com.br/tema/aduaneiro,1,10,10%,7.7
https://tesesesumulas.com.br/tese/stf/45,1,10,10%,7.7
https://tesesesumulas.com.br/sumula/stf/188,1,10,10%,7.8
https://tesesesumulas.com.br/tese/stj/27,1,10,10%,8.4
https://tesesesumulas.com.br/tese/stf/771,1,10,10%,9.4
https://tesesesumulas.com.br/tema/partilha-de-bens,1,9,11.11%,7.56
https://tesesesumulas.com.br/tese/stj/126,1,9,11.11%,7.89
https://tesesesumulas.com.br/tese/stf/901,1,9,11.11%,8.44
https://tesesesumulas.com.br/tema/agncias-reguladoras,1,8,12.5%,4.88
https://tesesesumulas.com.br/tema/trabalho-noturno,1,8,12.5%,6.62
https://tesesesumulas.com.br/tese/stj/453,1,8,12.5%,8.12
https://tesesesumulas.com.br/tema/iseno-de-imposto-de-renda,1,8,12.5%,9.25
https://tesesesumulas.com.br/tema/universidade,1,8,12.5%,10.38
https://tesesesumulas.com.br/tema/mediacao,1,8,12.5%,13.12
https://tesesesumulas.com.br/sumula/stj/268,1,8,12.5%,20
https://tesesesumulas.com.br/tese/stj/288,1,7,14.29%,4
https://tesesesumulas.com.br/sumula/tnu/69,1,7,14.29%,6
https://tesesesumulas.com.br/sumula/tst/429,1,7,14.29%,6.14
https://tesesesumulas.com.br/sumula/tst/415,1,7,14.29%,6.43
https://tesesesumulas.com.br/tema/roubo,1,7,14.29%,6.43
https://tesesesumulas.com.br/tema/ruido,1,7,14.29%,7.29
https://tesesesumulas.com.br/tese/stf/592,1,7,14.29%,7.43
https://tesesesumulas.com.br/tema/lei-maria-da-penha,1,7,14.29%,41.86
https://tesesesumulas.com.br/tese/stj/53,1,6,16.67%,5.17
https://tesesesumulas.com.br/tese/stj/163,1,6,16.67%,8
https://tesesesumulas.com.br/sumula/stf/38,1,6,16.67%,8.33
https://tesesesumulas.com.br/sumula/stj/402,1,6,16.67%,26.67
https://tesesesumulas.com.br/index,1,6,16.67%,27
https://tesesesumulas.com.br/tema/usucapio-extraordinrio,1,6,16.67%,27
https://tesesesumulas.com.br/tema/vnculo-servidor-pblico,1,6,16.67%,35
https://tesesesumulas.com.br/tema/poder-constituinte,1,5,20%,3.6
https://tesesesumulas.com.br/tema/compra-e-venda-de-imovel,1,5,20%,5.8
https://tesesesumulas.com.br/tema/sndico,1,5,20%,5.8
https://tesesesumulas.com.br/sumula/stf/168,1,5,20%,7.2
https://tesesesumulas.com.br/tese/stf/472,1,5,20%,7.4
https://tesesesumulas.com.br/sumula/stf/656,1,5,20%,8.2
https://tesesesumulas.com.br/tese/stf/348,1,5,20%,8.2
https://tesesesumulas.com.br/tema/teoria-do-crime,1,5,20%,8.6
https://tesesesumulas.com.br/tese/stf/294,1,5,20%,11.4
https://tesesesumulas.com.br/sumula/stj/27,1,5,20%,14.2
https://tesesesumulas.com.br/tema/imposto-de-renda-e-benefcio,1,4,25%,2.5
https://tesesesumulas.com.br/tema/navios,1,4,25%,4.25
https://tesesesumulas.com.br/sumula/stf/674,1,4,25%,6.25
https://tesesesumulas.com.br/tese/stf/194,1,4,25%,6.5
https://tesesesumulas.com.br/sumula/tst/339,1,4,25%,7
https://tesesesumulas.com.br/tese/stj/447,1,4,25%,7
https://tesesesumulas.com.br/tema/tortura,1,4,25%,7.5
https://tesesesumulas.com.br/tema/mutuo,1,4,25%,8.5
https://tesesesumulas.com.br/tema/principio-da-dignidade-da-pessoa-humana,1,4,25%,8.75
https://tesesesumulas.com.br/tese/stf/219,1,3,33.33%,3.67
https://tesesesumulas.com.br/tese/stf/159,1,3,33.33%,8.33
https://tesesesumulas.com.br/tema/ctps,1,3,33.33%,10.33
https://tesesesumulas.com.br/tema/pis-regime-cumulativo,1,3,33.33%,27
https://tesesesumulas.com.br/tema/execuo-de-alimentos,1,2,50%,5
https://tesesesumulas.com.br/tema/federalismo-fiscal,1,2,50%,9.5
https://tesesesumulas.com.br/sumula/stf/489,1,2,50%,11.5
https://tesesesumulas.com.br/sumula/tst/437,1,1,100%,2
https://tesesesumulas.com.br/tema/comissionados,1,1,100%,7
https://tesesesumulas.com.br/tema/processo-de-execucao,1,1,100%,8
https://tesesesumulas.com.br/tema/demandas-repetitivas,1,1,100%,9
https://tesesesumulas.com.br/sumula/stf/515,1,1,100%,12
https://tesesesumulas.com.br/tese/stj/885,0,792,0%,9.12
https://tesesesumulas.com.br/sumula/stf/83,0,790,0%,6.01
https://tesesesumulas.com.br/tese/stj/1044,0,732,0%,9.69
https://tesesesumulas.com.br/sumulas/tst,0,700,0%,20.78
https://tesesesumulas.com.br/tema/intervalo-intrajornada,0,655,0%,10.28
https://tesesesumulas.com.br/tema/impugnacao-a-cumprimento-de-sentenca,0,588,0%,42.17
https://tesesesumulas.com.br/sumula/stj/14,0,515,0%,18.09
https://tesesesumulas.com.br/tese/stj/908,0,479,0%,7.82
https://tesesesumulas.com.br/tese/stj/112,0,462,0%,11.08
https://tesesesumulas.com.br/tese/stj/1641302,0,428,0%,8.28
https://tesesesumulas.com.br/sumula/stf/310,0,418,0%,10.85
https://tesesesumulas.com.br/tese/stj/1189587,0,410,0%,9.59
https://tesesesumulas.com.br/sumula/stf/377,0,370,0%,54.31
https://tesesesumulas.com.br/tese/stj/1441499,0,349,0%,8.99
https://tesesesumulas.com.br/tese/stj/967,0,341,0%,9.34
https://tesesesumulas.com.br/tese/stf/102,0,332,0%,9.02
https://tesesesumulas.com.br/tese/stj/174,0,320,0%,8.38
https://tesesesumulas.com.br/sumula/tst/240,0,312,0%,9.71
https://tesesesumulas.com.br/tema/fiel-depositrio,0,308,0%,41.76
https://tesesesumulas.com.br/tese/stj/1049,0,304,0%,10.53
https://tesesesumulas.com.br/sumula/stf/231,0,301,0%,10.68
https://tesesesumulas.com.br/tese/stf/725,0,298,0%,11.18
https://tesesesumulas.com.br/tese/stj/285019,0,278,0%,10.58
https://tesesesumulas.com.br/tese/stj/630,0,269,0%,9.51
https://tesesesumulas.com.br/tese/stj/1026,0,267,0%,10.57
https://tesesesumulas.com.br/sumula/tnu/79,0,256,0%,10.36
https://tesesesumulas.com.br/tese/stj/253429,0,252,0%,9.66
https://tesesesumulas.com.br/sumula/stf/476,0,248,0%,8.7
https://tesesesumulas.com.br/tese/stj/1656944,0,245,0%,8.65
https://tesesesumulas.com.br/tema/transacao-penal,0,240,0%,64.2
https://tesesesumulas.com.br/sumula/stf/165,0,238,0%,6.59
https://tesesesumulas.com.br/tese/stj/50433,0,235,0%,9.84
https://tesesesumulas.com.br/sumula/stf/258,0,232,0%,16.3
https://tesesesumulas.com.br/tema/absolvicao-sumaria,0,230,0%,41.67
https://tesesesumulas.com.br/tese/stf/873,0,227,0%,8.4
https://tesesesumulas.com.br/tese/stj/1038,0,225,0%,7.76
https://tesesesumulas.com.br/tese/stj/1002,0,208,0%,11.79
https://tesesesumulas.com.br/sumula/stf/247,0,207,0%,19.55
https://tesesesumulas.com.br/sumula/tst/382,0,207,0%,22.69
https://tesesesumulas.com.br/tese/stj/1031,0,206,0%,35.48
https://tesesesumulas.com.br/tese/stj/192,0,203,0%,12.82
https://tesesesumulas.com.br/tese/stj/103644,0,202,0%,8.18
https://tesesesumulas.com.br/sumula/tst/184,0,200,0%,10.29
https://tesesesumulas.com.br/tese/stf/14685,0,197,0%,7.83
https://tesesesumulas.com.br/tema/aposentadoria,0,196,0%,8.54
https://tesesesumulas.com.br/tese/stj/648,0,194,0%,10.13
https://tesesesumulas.com.br/sumula/stj/7,0,192,0%,27.54
https://tesesesumulas.com.br/tema/culpa-presumida,0,189,0%,7.92
https://tesesesumulas.com.br/tese/stj/320,0,187,0%,7.6
https://tesesesumulas.com.br/tese/stj/740,0,187,0%,10.42
https://tesesesumulas.com.br/tese/stj/249,0,186,0%,10.68
https://tesesesumulas.com.br/tese/stj/985,0,186,0%,12.54
https://tesesesumulas.com.br/sumula/stj/381,0,186,0%,45.35
https://tesesesumulas.com.br/sumula/stj/186,0,186,0%,56.32
https://tesesesumulas.com.br/sumula/stf/227,0,183,0%,10.63
https://tesesesumulas.com.br/tema/recurso-adesivo,0,180,0%,18.56
https://tesesesumulas.com.br/sumula/stj/481,0,180,0%,27.21
https://tesesesumulas.com.br/tema/sade,0,179,0%,7.94
https://tesesesumulas.com.br/tese/stj/642,0,178,0%,8.55
https://tesesesumulas.com.br/tese/stj/1022,0,176,0%,10.7
https://tesesesumulas.com.br/sumula/tst/124,0,174,0%,7.32
https://tesesesumulas.com.br/tese/stj/540,0,173,0%,9.54
https://tesesesumulas.com.br/sumula/stf/73,0,172,0%,8.8
https://tesesesumulas.com.br/sumula/tst/361,0,172,0%,11.84
https://tesesesumulas.com.br/sumula/stf/357,0,172,0%,12.38
https://tesesesumulas.com.br/tema/auxilio-alimentacao,0,171,0%,10.13
https://tesesesumulas.com.br/tese/stj/1004,0,170,0%,9.72
https://tesesesumulas.com.br/tese/stj/1497631,0,165,0%,10.96
https://tesesesumulas.com.br/tema/requisio-de-pequeno-valor,0,164,0%,60.93
https://tesesesumulas.com.br/tese/stf/347,0,163,0%,8.47
https://tesesesumulas.com.br/tese/stf/643,0,163,0%,10.9
https://tesesesumulas.com.br/tema/mandado-seguranca-e-competencia,0,162,0%,32.73
https://tesesesumulas.com.br/tese/stj/1463327,0,157,0%,8.99
https://tesesesumulas.com.br/tese/stj/20259,0,156,0%,8.12
https://tesesesumulas.com.br/tese/stf/220,0,156,0%,9.36
https://tesesesumulas.com.br/sumula/stf/430,0,156,0%,11.21
https://tesesesumulas.com.br/tema/juros-remuneratrios,0,156,0%,39.58
https://tesesesumulas.com.br/tese/stj/480,0,155,0%,9.02
https://tesesesumulas.com.br/sumula/tst/223,0,155,0%,10.55
https://tesesesumulas.com.br/sumula/stj/98,0,152,0%,16.71
https://tesesesumulas.com.br/tese/stj/106,0,152,0%,21.84
https://tesesesumulas.com.br/tese/stf/864,0,151,0%,8.44
https://tesesesumulas.com.br/tese/stf/616,0,151,0%,21.5
https://tesesesumulas.com.br/sumula/tst/353,0,150,0%,7.74
https://tesesesumulas.com.br/sumula/stj/393,0,150,0%,33.41
https://tesesesumulas.com.br/tese/stf/652,0,149,0%,18.7
https://tesesesumulas.com.br/tese/stj/1040,0,148,0%,12.89
https://tesesesumulas.com.br/tema/juros-capitalizados,0,148,0%,34.73
https://tesesesumulas.com.br/tese/stj/263935,0,147,0%,8.25
https://tesesesumulas.com.br/tese/stj/618,0,147,0%,9.55
https://tesesesumulas.com.br/sumula/stf/364,0,146,0%,11.51
https://tesesesumulas.com.br/tese/stj/711,0,145,0%,7.88
https://tesesesumulas.com.br/sumula/stf/591,0,145,0%,9.13
https://tesesesumulas.com.br/tese/stf/828,0,145,0%,9.18
https://tesesesumulas.com.br/tese/stj/20255,0,144,0%,10.7
https://tesesesumulas.com.br/tese/stj/203296,0,142,0%,8.58
https://tesesesumulas.com.br/tese/stf/531,0,140,0%,45.33
https://tesesesumulas.com.br/tese/stj/1029,0,139,0%,11.04
https://tesesesumulas.com.br/tese/stj/942,0,139,0%,12.35
https://tesesesumulas.com.br/tese/stf/751,0,139,0%,22.73
https://tesesesumulas.com.br/tema/tac-e-tec,0,138,0%,27.25
https://tesesesumulas.com.br/sumula/tst/241,0,137,0%,11.09
https://tesesesumulas.com.br/sumula/stj/122,0,137,0%,15.6
https://tesesesumulas.com.br/tese/stf/238,0,137,0%,19.99
https://tesesesumulas.com.br/tese/stf/839,0,137,0%,31.34
https://tesesesumulas.com.br/tema/vale-transporte,0,136,0%,9.96
https://tesesesumulas.com.br/tema/cumprimento-de-sentenca-e-honorarios,0,136,0%,58.29
https://tesesesumulas.com.br/sumula/tst/311,0,134,0%,10.95
https://tesesesumulas.com.br/sumula/tnu/7,0,134,0%,28.66
https://tesesesumulas.com.br/tema/sobreaviso,0,133,0%,8.71
https://tesesesumulas.com.br/tese/stj/466,0,133,0%,8.92
https://tesesesumulas.com.br/sumula/stj/358,0,132,0%,39.8
https://tesesesumulas.com.br/tese/stj/116,0,131,0%,8.31
https://tesesesumulas.com.br/sumula/stf/760,0,131,0%,61.05
https://tesesesumulas.com.br/tese/stj/685714,0,130,0%,9.7
https://tesesesumulas.com.br/tema/morte,0,130,0%,23.85
https://tesesesumulas.com.br/tese/stf/358,0,129,0%,8.37
https://tesesesumulas.com.br/tese/stj/297,0,129,0%,8.49
https://tesesesumulas.com.br/tese/stj/567,0,129,0%,10.36
https://tesesesumulas.com.br/tese/stf/814,0,129,0%,23.73
https://tesesesumulas.com.br/tema/laudemio,0,129,0%,70.16
https://tesesesumulas.com.br/sumula/tst/444,0,126,0%,18